word, count
ša,4855
šarru,3053
ana,2828
bēlu,2742
ina,2740
šību,2101
mā,1435
lū,1127
lā,1114
gimru,969
māru,933
alāku,762
šapāru,702
manû,699
ūmu,697
ardu,675
tadānu,668
bītu,625
šulmu,624
ṣarpu,568
u,555
eqlu,536
libbu,507
imēru,494
išti,477
adi,476
qabû,467
nišu,456
epēšu,452
dabābu,443
ištu,440
muhhu,399
pānu,397
kunukku,393
annû,389
leqû,356
qû,349
dīnu,323
šakānu,321
immeru,297
pīhātu,268
wabālu,257
kī,257
ṣābu,249
anāku,249
šumma,246
līmu,246
sinništu,245
ṭāhu,245
kaspu,242
našû,239
hurāṣu,237
târu,235
šiqlu,228
sisû,227
rabû,226
ūma,221
napištu,213
kirû,200
ikkaru,196
laššu,195
ṭupšarru,194
Aššur,194
dullu,190
alpu,189
mannu,189
annûri,186
Nabu,182
ēkallu,178
biltu,174
šū,173
qātu,169
erēbu,168
ahu,168
karābu,167
ṭēmu,162
ilu,162
šaknu,158
ālu,155
ša-qurbūti,153
gammuru,146
tadnu,146
mātu,143
adanniš,142
kusāpu,140
šâlu,136
šuāti,136
ištēn,135
Ninua,133
mīnu,131
šanû,130
sahāru,126
šunu,126
dannu,125
šemû,124
aṣû,124
meʾatu,122
wadû,121
awīlu,121
zarpu,118
amāru,116
gabbu,116
Ištar,113
bašû,112
Mat-Aššur,109
ša-rēši,109
gabdi,108
akī,107
ṭābu,106
KI.MIN,102
atā,101
ṣabātu,99
egertu,98
buʾʾû,97
mārtu,97
pû,94
arhu,93
šattu,91
maṣṣartu,89
mahāru,89
Marduk,88
kurummatu,87
šikaru,87
Kalhu,86
qabūtu,84
erû,83
izuzzu,83
akālu,82
pūtu,82
tillatu,82
muk,81
birtu,80
sāmu,79
tašlīšu,78
nukaribbu,78
elû,78
šawiru,78
šangû,78
karānu,78
kaptukkû,78
imittu,76
parāku,76
ammar,74
paqādu,74
hūlu,74
nuk,74
šēpu,73
palāhu,72
šappatu,72
memēni,71
abu,71
awātu,69
šūtu,69
burku,69
Bel,67
issurri,67
zaqāpu,67
nāru,67
āšibu,67
eršu,67
Dur-Šarruken,65
bīt,65
halāqu,64
sulukannu,64
zēru,63
annaka,63
kīma,62
atta,62
ammatu,61
mašennu,61
aklu,61
qannu,59
Arbail,59
ginû,59
sallu,59
etēqu,58
Aššuraya,58
damqu,58
rabiu,57
zakû,56
kūm,56
šamnu,56
šumu,55
qaqqadu,55
tamkāru,55
naṣāru,55
maštītu,55
ašābu,54
qerēbu,53
karāru,53
šīru,53
birti,53
ša-šēpi,53
Tašritu,52
Harranu,52
emūqu,51
maddattu,51
ramû,51
balāṭu,51
adru,51
Šamaš,50
kalû,50
īnu,50
šaṭāru,49
kamsu,49
kullu,49
mādu,49
Libbi-ali,49
qaqqaru,49
hazannu,49
šušānu,49
azamru,49
gamāru,48
rēʾû,48
ṭuppu,48
šamaššammū,48
ṣupru,48
Elamtu,48
kitû,47
rēhtu,47
Mullissu,47
matāhu,46
gušūru,46
anīnu,45
tibnu,45
Ayaru,45
šukkallu,45
rēšu,45
yābilu,45
nishu,45
Nabu-šarru-uṣur,45
Sin,44
Adad,44
amtu,44
Arrapha,44
Urdu-Issar,44
peṣû,44
maziu,44
rebû,44
dâku,43
Nisannu,43
šarrūtu,43
lēʾu,42
nakru,42
sūtu,42
qallu,41
mû,41
Babili,41
šalmu,40
ṣalmu,40
Inurta,40
Deru,40
nasāhu,39
šaplu,39
šalšu,39
kāru,39
dišpu,39
arkû,39
kiššatu,39
ēpû,38
šalāmu,38
eleppu,38
kânu,38
Kakkullanu,38
ēkurru,37
nagû,37
abnu,37
ramānu,37
qadūtu,37
irtu,36
mahru,36
dibbu,36
arhiš,36
šadû,36
tartānu,36
sakru,36
šuʾu,36
līm,35
Kiṣir-Aššur,35
namāšu,35
dūru,35
mugerru,34
Gargamis,34
arādu,34
magāru,34
emēdu,34
pēmu,34
rūṭu,33
parzillu,33
ilku,33
daltu,33
kapru,33
atānu,33
maqātu,32
saddinu,32
rakāsu,32
aladlammû,32
abullu,32
Šarru-emuranni,32
Ubru-Nabu,32
kurkû,32
rubû,32
yâšim,31
hīṭu,31
qabaltu,31
eššu,31
Simanu,31
adû,31
petû,31
mesû,31
qablu,31
lītu,31
dannutu,31
Kanunayu,31
atû,30
mītu,30
kittu,30
būrtu,30
Ṭebetu,30
ummu,30
urnatu,30
Marduk-šarru-uṣur,30
ṣuhurtu,30
hubtu,29
batāqu,29
batqu,29
šī,29
Ṭab-šar-Aššur,29
Ṭab-ṣil-Ešarra,29
Elulu,29
ša-pēthalli,29
nusāhu,29
erēšu,28
ummiānu,28
redû,28
udīni,28
pahāru,28
hašlātu,28
Nabuʾa,28
Issar-duri,28
ṭīdu,28
Enlil,28
Bel-duri,27
epšu,27
ṭābtu,27
Addaru,27
mišlu,27
Šabaṭu,27
sukannīnu,27
sīrāšû,27
ṣibtu,27
andahšu,27
Sasi,27
Adad-nerari,27
ištēniš,26
arku,26
nāgiru,26
ša-pān-ēkalli,26
Nabu-belu-kaʾʾin,26
iškāru,26
dagālu,26
kūdanu,26
supurgillu,26
akalu,26
hinhinu,26
arqu,26
Il-yadaʾ,26
kašādu,25
mâtu,25
Sin-ahhe-eriba,25
šiddu,25
ṭūbu,25
unqu,25
tibku,25
pilku,25
têrtu,25
Nani,25
maqāṭu,25
serdu,25
ukultu,25
mūšabu,25
šeršerratu,25
nadānu,25
Raṣappa,24
ammiu,24
kīnu,24
šumēlu,24
pānû,24
libittu,24
rupšu,24
Arbailayu,24
lawû,24
karšu,24
šuqultu,24
hammurtu,24
Aššur-bani-apli,24
qurbu,23
Aplaya,23
ziqpu,23
kappu,23
Nikkal,23
Hindanu,23
Nergal,23
Šarru-lu-dari,23
alappānu,23
Ululayu,23
sisalhu,23
kayyamānu,22
nuhatimmu,22
ūla,22
Arzuhina,22
raksu,22
harādu,22
Sin-šarru-uṣur,22
kalītu,22
harrānu,22
budû,22
sartu,22
qerbu,22
Marduk-apla-iddina,22
raṣāpu,21
Aššur-šarru-uṣur,21
karru,21
madādu,21
nahallu,21
mušarkisu,21
kiṣru,21
šāqû,21
nūnu,21
Aššur-belu-taqqin,21
mê-šīri,21
tabarru,21
pānātu,20
dâlu,20
bābu,20
Aššur-bani,20
battu,20
halqu,20
šadādu,20
kussû,20
mūraku,20
battubattu,20
paṭāru,20
tahūmu,20
šabāšu,20
Ah-abu,20
šakintu,20
amru,20
šamû,20
irginu,20
bēru,20
Ituʾaya,19
mardītu,19
Urarṭaya,19
pitti,19
Guzana,19
rēhu,19
isītu,19
malāhu,19
šīti,19
Arahsamnu,19
kē,19
paššuru,19
Bel-šarru-uṣur,19
šizbu,19
kalbu,19
Ber,19
attunu,18
ṣīru,18
harāṣu,18
urû,18
šinīšu,18
Bit-Aššur,18
ebēru,18
kakardinnu,18
ēdumānu,18
mammanu-,18
unūtu,18
Sukkaya,18
Mannu-ki-Ninua,18
Nabu-ahu-iddina,18
Babilayu,18
Dadi,18
hurāpu,18
šazamû,18
Šarrat-nipha,18
madbaru,17
siparru,17
šina,17
galû,17
itinnu,17
nīqu,17
gammalu,17
biršu,17
Bel-ibni,17
pirsu,17
Ninuayu,17
ikribu,17
nīšu,17
kissatu,16
basi,16
Balassu,16
kullumu,16
gamru,16
parāsu,16
ayyaka,16
rīqu,16
Šamaš-belu-uṣur,16
šipšatu,16
qīpu,16
kaṣāru,16
Marduk-eriba,16
nāmurtu,16
Mannu-ki-Aššur,16
hubullu,16
ṣehru,16
Naṣibina,16
gulēnu,16
malû,16
pīlu,16
Nabu-šumu-iddina,16
Ṣalam-šarri-iqbi,16
La-qepu,16
Urdu-Nabu,16
sāyu,16
halṣu,16
Šulmu-šarri,16
Šamši-Adad,16
nasāku,16
zikru,16
eṣēdu,15
zakkû,15
nabalkutu,15
palhu,15
salāmu,15
šatû,15
haramma,15
Arbaya,15
maṣû,15
tebû,15
Elamaya,15
qinnu,15
ebūru,15
iṣu,15
Barhalza,15
riksu,15
Madaya,15
Duʾuzu,15
patru,15
leʾû,15
Ša-Nabu-šu,15
šupālītu-halluptu,15
Urdu,15
Salmanu-ašared,15
Nabu-eriba,15
Ahu-duri,15
Tabalayu,15
Nabu-rehtu-uṣur,15
rittu,15
kūtu,15
Inurti,15
nindanu,15
ṣābitu,15
Mar-Yakin,15
maṭû,14
Manna,14
nagāru,14
madaktu,14
muṭû,14
ašāru,14
maqtu,14
mašku,14
kanāku,14
šīpātu,14
ṣabtu,14
danānu,14
Libbalaya,14
pappardaliu,14
midru,14
Urdu-Nanaya,14
ṣarrāpu,14
Nabu-balassu-iqbi,14
Nargi,14
qatnu,14
nasīku,14
ibbītu,14
Milki-nuri,14
ṣēru,14
Kipanu,14
Addi,14
Kaldaya,14
Aššur-ahu-iddina,14
Ahu-leʾi,14
Zeru-ken,14
uṭṭatu,14
ṣarru,14
nabû,14
matīma,14
Dimašqa,13
marṣu,13
Kislimu,13
Ṣupat,13
qarābu,13
ṣillu,13
ammaka,13
kabāsu,13
uṣṣuṣu,13
udī-,13
Zeru-ibni,13
parriṣu,13
sartennu,13
pēthallu,13
šaddaqda,13
Nabu-šumu-uṣur,13
râmu,13
dekû,13
Izalla,13
habātu,13
paqdu,13
Mannu-ki-Adad,13
Nabu-duru-uṣur,13
kallāpu,13
nurmû,13
bītānu,13
kuzippu,13
kāṣiru,13
kakkabtu,13
iṣṣūru,13
qullu,13
birmu,13
bārû,13
dāmu,13
Zizi,13
Salamanu,13
naptanu,13
uqnû,13
amūmu,13
dārû,13
Sin-naʾdi,13
mimma,13
natbāku,13
kibtu,13
Inurta-šarru-uṣur,13
mazrūtu,13
Bel-iqbi,12
kutallu,12
maqarratu,12
appāru,12
Armaya,12
puršumu,12
Nabu-pašir,12
akiltu,12
rēmu,12
karmu,12
Arpadda,12
piqittu,12
Birate,12
nēberu,12
Keni,12
labīru,12
šinnu,12
ša-muhhi-bēti,12
taqānu,12
uznu,12
zakāru,12
sadru,12
šalāšī-,12
Gurraya,12
gimirtu,12
qaštu,12
Nergal-šarru-uṣur,12
Nabu-šumu-iškun,12
Enūma-Anu-Enlil,12
Nabu-sagibi,12
Issar-naʾdi,12
takkassu,12
nikkassu,12
guršu,12
aṣūdu,12
ahātu,12
Ahu-la-amašši,12
ašru,12
Bel-iqiša,12
mahāṣu,11
Muskaya,11
tarṣu,11
karāku,11
kapāru,11
Lutu,11
igāru,11
nakāsu,11
Sippar,11
Abu,11
alahhinu,11
Ešarra,11
zabālu,11
Ukkaya,11
hirītu,11
āšipu,11
Aššur-ilaʾi,11
mūlû,11
haṣbu,11
Šamaš-ilaʾi,11
šumû,11
Tuqunu-ereš,11
Remanni-ilu,11
Nabu-šallim,11
Zabinu,11
takkussu,11
hepû,11
Que,11
Šar-Issar,11
šūmū,11
šamaškillu,11
takbāru,11
Bel-naʾdi,11
ēribu,11
ṣēlu,11
Kummuhi,11
Ahu-iddina,11
Sinqi-Issar,11
Aššur-belu-uṣur,11
tupšikku,11
Ahuʾa-eriba,11
haṭû,11
Nabu-nadin-ahhe,11
Aššur-zeru-ibni,11
Dalta,11
Meturna,11
ezēbu,11
issahîš,10
šâṭu,10
ahāmiš,10
ēpišu,10
Til-Barsip,10
Bel-emuranni,10
Nabu-šezib,10
hurri,10
askuppu,10
namarkû,10
Aššur-reṣuwa,10
yamattu,10
damāqu,10
balṭu,10
labiānu,10
lišānu,10
lasāmu,10
maškuru,10
ayyu,10
qālu,10
nâdu,10
Adian,10
Adad-remanni,10
Puqudu,10
hasāsu,10
Quwe,10
asû,10
Aššur-killanni,10
ša-huṭāri,10
Ahu-lamur,10
āšipūtu,10
Lahiru,10
tappaštu,10
Bit-Eqi,10
Mazamua,10
gariṣtu,10
qalītu,10
Taʾuzu,10
Aššur-matu-taqqin,10
laʾu,10
rēštu,10
Eṭiru,10
Tašmetu,10
ṣiātu,10
šamšu,10
enzu,10
karaphu,10
nashu,10
Mannu-ki-Arbail,10
bennu,10
mamman,10
qebēru,10
bēlūtu,10
Puṭi-Eše,10
Kar-Šarrukin,10
Mar-Zeri,10
ebissu,9
Dannaya,9
dīku,9
ša-muhhi-āli,9
Hatarikka,9
nēšu,9
šaṭru,9
qarāru,9
Aššur-šumu-kaʾʾin,9
simānu,9
harāpu,9
Siʾimme,9
tabku,9
Kilizi,9
miksu,9
Halahhu,9
zunnu,9
qattinu,9
tabāku,9
gabarû,9
yāʾu,9
agappu,9
Nabu-šezibanni,9
uššu,9
Al-Aššur,9
Remutu,9
Šulmu-beli,9
darrû,9
napāhu,9
šahāṭu,9
Belu-lu-balaṭ,9
Nabu-šar-ahhešu,9
arītu,9
rimku,9
Bani,9
Mannu-ki-šarri,9
Šumma-izbu,9
Haurina,9
maṭi,9
ruqqu,9
kurissu,9
sāmtu,9
mizʾu,9
haršu,9
lemuttu,9
Šarru-ken,9
ša-rēš-šarri,9
qēmu,9
Nabu-remanni,9
Nippur,9
Nušku-ilaʾi,9
Šulmu-ahhe,9
Luqu,9
Banaya,9
Bulluṭu,9
zittu,9
Mar-larim,9
Šamaš-naṣir,9
Zabdi,9
Ibašši-ilani,9
harbakkannu,9
Nergal-eṭir,9
šalāṭu,9
Nabu-naʾid,9
biblu,9
rašû,9
ūlū,9
Abu-ul-idi,9
Balasi,9
Bit-Bunakki,9
Nabu-raʾim-nišešu,9
šubtu,8
balāt,8
mehru,8
šalšūmi,8
puāgu,8
kallû,8
kāsu,8
ishunnatu,8
Tille,8
Isana,8
Issete,8
šeleppāyu,8
Aššur-reši-išši,8
Ekallati,8
abāku,8
ša-maṣṣarti,8
Remanni-Adad,8
Nabu-leʾi,8
Adad-ibni,8
Taklak-ana-Bel,8
Arbayu,8
erbû,8
esēpu,8
raʾābu,8
mar-Babili,8
Uarbisi,8
Nabu-naṣir,8
qarrāru,8
ṣipirtu,8
Dari-šarru,8
Silim-Aššur,8
zibbatu,8
gidlu,8
išdu,8
Aššur-leʾi,8
Šep-Issar,8
ṣarhūtu,8
Ubru-Issar,8
išparu,8
māhiṣu,8
agannu,8
urīṣu,8
kimru,8
hulūṭu,8
marmēnu,8
ṭabtu,8
Gula,8
šasû,8
rubbû,8
Pan-Issar-lamur,8
ṣallu,8
Abdi,8
Aššur-remanni,8
Ṣalam-ahhe,8
šeʾu,8
Balṭi-Aya,8
Aqru,8
Hašanu,8
šuātunu,8
Palil-ereš,8
dikûtu,8
bānû,8
abšu,8
Nabu-šallim-ahhe,8
Urdu-Mullissi,8
šibšu,8
annaku,8
kuppû,8
kanāšu,8
Tarṣi,8
atru,7
kalzu,7
Urarṭu,7
mešēnu,7
niqittu,7
arāku,7
šâšu,7
Marduk-remanni,7
qabaltīu,7
raṣpu,7
akanni,7
hesû,7
nappāhu,7
Gidgiddanu,7
ṣēnu,7
rapšu,7
labāšu,7
nērebu,7
šuglû,7
zanānu,7
Šep-Aššur,7
urāsu,7
ziqqurratu,7
Ašpa-bara,7
Nabu-deʾiq,7
Upi,7
pagru,7
Gir-Dadi,7
Gabbu-amur,7
Šabirešu,7
Ṣidunaya,7
zâzu,7
mala,7
nēhu,7
Sadiru,7
etku,7
ahullâ,7
šanîš,7
ēdēnû,7
Bit-Nabu,7
māšartu,7
ṭuppi,7
Bel-eṭir,7
Kurbail,7
hašhūru,7
Mardi,7
Nabu-belu-uṣur,7
ugāru,7
makû,7
adakanni,7
qinītu,7
harīṣu,7
Barsip,7
naṣbatu,7
Šamaš-metu-uballiṭ,7
dušû,7
Mar-Issar,7
šeššu,7
Adallal,7
Bel-iddina,7
Ah-imme,7
Mušezib-Aššur,7
Mannu-ki-ahhe,7
nargallu,7
Šumma-ālu-ina-mēlê-šakin,7
Nabu-aplu-iddina,7
Nabu-ahhe-šallim,7
Mannu-ki-ṣabi,7
šatammu,7
muššāru,7
ṣuppu,7
miṣru,7
kakkullu,7
Samʾalla,7
Belšunu,7
Kullania,7
diqāru,7
bayyādu,7
saplišhu,7
Kalhaya,7
Didi,7
sapulhu,7
širiat,7
Gimiraya,7
arki,7
Nabu-kuṣuranni,7
kabsu,7
Tabalaya,7
awīlūtu,7
anīna,7
Kute,7
Bel-ahu-iddina,7
Kunaya,7
Huzirina,7
gurrutu,7
Šamaš-naʾdi,7
Remut-ili,7
Nabu-taqqinanni,7
Ahu-eriba,7
Adad-ahu-iddina,7
puhādu,7
Zababa,7
Šabbu,7
Ilumma-leʾi,7
šâtina,7
ul,7
šarāku,7
Nabu-ahu-uṣur,7
nekelmû,7
arkītu,7
šīmtu,7
Aššur-etel-ilani,7
Amurri,7
Urda-Inurta,7
Kur-ilaʾi,7
Gabbaru,7
tabriu,7
tarammu,7
Šumma-ilani,7
Hiriṣayu,7
Lansi,7
Dur-Bel-ilaʾi,7
Kummuhaya,6
Adia,6
hadû,6
timāli,6
Tabalu,6
isinnu,6
Muṣuraya,6
udû,6
ṣahittu,6
pūtuhhu,6
kakku,6
palû,6
kalāma,6
biātu,6
šazbussu,6
Ellipi,6
Ṭabi,6
Išmanni-Aššur,6
Samerina,6
annîša,6
Bab-bitqi,6
rādiu,6
išātu,6
mūbû,6
hiāṭu,6
Ṣimirra,6
īṣu,6
nawāru,6
qarbāte,6
mūšu,6
timmu,6
našāru,6
maškanu,6
Bit-Kidmuri,6
paʾāṣu,6
duqdu,6
karṣu,6
ukullû,6
ali,6
kabšarru,6
ša-bēti-šanie,6
mahṣu,6
kannu,6
Šulmu-beli-lašme,6
qermu,6
kusītu,6
maklalu,6
kubšu,6
nārtu,6
Nabu-reši-išši,6
Padi,6
Kaššaya,6
ša-bēt-kūdini,6
zuʾʾuzu,6
Aššur-gimillu-tere,6
Hanunu,6
Remanni-Issar,6
Mutakkil-Aššur,6
Dilil-Issar,6
bulṭu,6
durāʾu,6
Šumma-ilu,6
kišādu,6
bārûtu,6
huruhuru,6
qalû,6
hallam,6
kirrutu,6
appu,6
Adad-belu-uṣur,6
tarmazilu,6
Lu-šakin,6
Bit-Dagan,6
sahharu,6
kakkabānu,6
epinnu,6
hibiltu,6
kurru,6
apālu,6
Uruk,6
Ṣallaya,6
Kudurru,6
Marduk-šarrani,6
Hanana,6
Sarugi,6
Ahunu,6
Nušku,6
Hanni,6
Lit-ili,6
Bel-dan,6
Balihu,6
Birtu,6
Iddinaya,6
Nabu-tariṣ,6
Giritu,6
ṣehhertu,6
Tukulti-apil-Ešarra,6
Nur-Šamaš,6
Sangi-Issar,6
bīru,6
parsu,6
šeriktu,6
zarāpu,6
Šamaš-remanni,6
Nabu-nadin-ahi,6
narû,6
pālihu,6
nadû,6
itti,6
ūṣu,6
eṣidītu,6
ašlu,6
būru,6
Puṭiše,6
Aššur-naṣir,6
Aššur-garuʾa-nere,6
Susi,6
pazāru,6
Nabu-taklak,6
Adda-hati,5
sadāru,5
aṣappu,5
Hamat,5
Šamaš-ahu-iddina,5
Gimir,5
šapru,5
salmu,5
riāqu,5
esēhu,5
Zabban,5
kâšu,5
Nabu-zer-ketti-lešir,5
reʾû,5
šiāru,5
ša-ziqni,5
nakāru,5
Kumme,5
bārtu,5
Baqarru,5
Tariba-Issar,5
šalimtu,5
eṣemtu,5
Arihu,5
tabālu,5
pīqat,5
nību,5
Hallataya,5
Šarru-nuri,5
salāʾu,5
bêru,5
Waisi,5
nubattu,5
harṣu,5
Saʾilu,5
šipirtu,5
umāmu,5
lattu,5
būṣu,5
Apku,5
Bel-nuri,5
ragāmu,5
tābiu,5
Bahianu,5
Duri-Adad,5
Aššur-bessunu,5
Kuluman,5
šukuttu,5
kakkabu,5
elītu,5
nahlaptu,5
summu,5
ša-eperi,5
Nabu-eṭir,5
Ša-la-maše,5
Zarʾuti,5
Kulimmeri,5
Issar-nadin-ahhe,5
Nabu-killanni,5
Isputu,5
Iddin-ahhe,5
Nabu-zeru-iddina,5
Marduku,5
Ahu-ilaʾi,5
Meʾisu,5
Tušhan,5
Bel-abu-uṣur,5
Nušku-šarru-uṣur,5
Issar-šumu-iddina,5
kispu,5
Tabni,5
gungupinnu,5
umnīnu,5
ša-tāmarti,5
tamlītu,5
papparmīnu,5
hulālu,5
Zaruti,5
tittu,5
Šamaš-eriba,5
hurhurātu,5
hullānu,5
Aššurû,5
kabbaru,5
Šakil-Aya,5
Turi,5
habburu,5
Ešrayu,5
Nergal-ilaʾi,5
Muqallil-kabti,5
habālu,5
unīqu,5
erbe,5
šipṭu,5
šiāmu,5
bâru,5
pānītu,5
gubbu,5
Kiqillanu,5
lubbušu,5
musukkannu,5
Basani,5
Bit-Zamani,5
Mutaqqin-Aššur,5
Ubru-Aššur,5
sūqu,5
Nuraya,5
Ahuʾa,5
Mannu-ki-Libbali,5
šalhû,5
athusu,5
Kabar-il,5
barû,5
ezziš,5
ekēmu,5
Naʾdi-Issar,5
urkiš,5
Zababa-eriba,5
Mannu-ki-Nabu,5
Barruqu,5
zāriqu,5
bēltu,5
šunātunu,5
šalmiš,5
zummû,5
uggatu,5
kak-dāmi,5
baṣāru,5
Edu-šallim,5
sattukku,5
itqūru,5
Mannu-ki-mat-Aššur,5
kudimmu,5
kursinnu,5
rapaštu,5
maṣṣaru,5
paddugannu,5
Bel-ahu-uṣur,5
sinnišūtu,5
Adad-šumu-uṣur,5
Nabu-iqbi,5
Bel-leʾi,5
gerû,5
Upaqa-ana-Arbail,5
Nabu-šumu-lešir,5
Nergal-ahu-uṣur,5
sūqāqû,5
Badaya,5
Sairu,5
Šamaš-zeru-iqiša,5
menimeni,5
Ruʾuaya,5
buddudu,5
Malak,5
rahṣu,5
Minuʾ,5
Nabu-iqiša,5
Humbareš,5
Huzaza,4
Abu-lešir,4
Yaʾudaya,4
mūtānu,4
ahāzu,4
Quwaya,4
Nippuraya,4
Maʾabaya,4
Sin-ašared,4
tupninnu,4
Kummaya,4
Bel-liqbi,4
Ammi-leti,4
marāṣu,4
nāmaru,4
Hunni,4
tarbaṣu,4
šammu,4
Šadikannaya,4
enēšu,4
Suhu,4
ṭabāhu,4
Nemed-Ištar,4
tūra,4
Humbe,4
Habruri,4
batiqtu,4
Ilaʾi-Bel,4
kassupu,4
Kibabiše,4
Nabu-bel-šumati,4
habtu,4
Ariye,4
Talmusa,4
perku,4
šihlu,4
rammû,4
pallišu,4
Kina,4
Huli,4
Ahu-lurši,4
Amar-ili,4
Mardu,4
kāribu,4
niphu,4
Ašipa,4
Hamataya,4
Birataya,4
bēdu,4
gullutu,4
hardu,4
gugallu,4
kilīlu,4
Nabu-balliṭ,4
Nergal-naṣir,4
Nagaha,4
Mat-Akkadi,4
šāru,4
Lubda,4
kasāpu,4
dayyālu,4
simtu,4
emdu,4
erbu,4
sanāqu,4
dumqu,4
Larak,4
qerītu,4
lānu,4
Šamaš-iddina,4
raddidu,4
tugānû,4
šahartu,4
Abdaʾ,4
Aššur-šumu-iddina,4
Ṣalmu,4
Qarha,4
lubuštu,4
ša-parāki,4
Hattaya,4
ša-pattūti,4
tarbû,4
ša-pān-sūqi,4
abūsu,4
Aššur-daʾʾinanni,4
Qurdi-Aššur,4
Gadda,4
Nuhšaya,4
Nabu-nadin-apli,4
Tuti,4
Dadi-iqbi,4
Dannu-Nergal,4
Ituʾu,4
Silim-ili,4
Dani,4
Bel-ahhešu,4
Il-dala,4
Mannu-ki-Issar-leʾi,4
Kinanni-Issar,4
Šamaš-šallim,4
Aššur-iddin,4
Pulu,4
Šumma-ussezib,4
alandimmû,4
Iqqur-īpuš,4
zīqīqu,4
Mušezib-Nabu,4
Il-idri,4
Garruṣu,4
kamānu,4
Sagab,4
Belet-Akkad,4
yašpû,4
šalṭu,4
suluppu,4
Sagmegar,4
Magidu,4
Manṣuati,4
Ṣabu-damqu,4
siluh,4
karballatu,4
šušippu,4
šullušu,4
merṭu,4
Parsua,4
Nabu-ahhe-eriba,4
ṣurru,4
akbaru,4
ša-kāribi,4
lipištu,4
bandillu,4
Bel-ahhe-riba,4
Lisikutu,4
Šarrat-samme,4
ṣerru,4
lumnu,4
bašlu,4
tayāru,4
Kiṣir-Issar,4
qutāru,4
ellu,4
mehṣu,4
sāgu,4
Ezbu,4
haṭṭu,4
ziqqu,4
tuqnu,4
hissatu,4
atti,4
mūru,4
haṣānu,4
šarāpu,4
kallâmāre,4
puhru,4
Tamnuna,4
Balaṭu,4
batultu,4
Nušku-šezibanni,4
ṣarbatu,4
Sin-ereš,4
Taʾla,4
Assi,4
Hana-Seʾ,4
Ahu-nuri,4
Nabu-uṣalli,4
Gambulaya,4
Atta-idri,4
Adad-šallim,4
Bel-Harran-šadduʾa,4
puhālu,4
Sin-šarru-ibni,4
Dari-Bel,4
Nabu-qati-ṣabat,4
Bel-šallim,4
Šamaš-killanni,4
Urdu-Banitu,4
Qurdi-Nergal,4
Silim-Adad,4
Miqtu-adur,4
Mannaya,4
Harranayu,4
Lu-šalim,4
Bel-uballiṭ,4
Labasi,4
La-abaši,4
Sapiku,4
Libušu,4
Dur-Šarrukku,4
Nabu-zeru-ibni,4
samītu,4
kupīru,4
Haršaya,4
nīru,4
tallaktu,4
Mannu-ki-abi,4
qibītu,4
Dur-Taliti,4
Laggalagi,4
Dur-Aššur,4
Banbala,4
Gupnu-ša-Bel-Harran,4
Šumaya,4
Babu,4
baqāru,4
Samanu,4
Šep-šarri,4
Harmaku,4
Abi-rahi,4
Qiti-muti,4
Il-immi,4
Idri-ahaʾu,4
Tabni-Issar,4
Remanni-Aššur,4
Ilu-eriba,4
sasinnu,4
kibsu,4
ašlāku,4
usandû,4
kabtu,4
qiāšu,4
epištu,4
hūdu,4
Ṭab-Bel,4
Belu-lu-dari,4
kibru,4
rāʾimu,4
nāṣiru,4
kīnūtu,4
milku,4
qanû,4
ṣalālu,4
ēm,4
naqbaru,4
ay,4
Sin-šumu-lešir,4
tāhāzu,4
hūqu,4
Ilu-uṣur,4
Ea,4
marru,4
kezretu,4
Marduk-belu-uṣur,4
malāku,4
Attar-suri,4
Halabeše,4
Šamaš-šarru-ibni,4
Aššur-uballiṭ,4
eṣpu,4
Kabti,4
Puṭu-Meheši,4
Puṭi-Athiš,4
Šamaš-kašid-ayabi,4
Ṣidqa,4
Issar-nadin-apli,4
Remut-ilani,4
Nergal-ibni,4
Bel-šadduʾa,4
Rapa,4
La-teggi-ana-Issar,4
Qurdi,4
Dayan-Kurbail,4
Kaššudu,4
Aššur-duru-uṣur,4
ēṣidu,4
Inurta-ahu-uṣur,4
Ki-Mama,4
ša-pān-dīnāni,4
Paši,4
Bel-Harran-belu-uṣur,4
Ramati,4
aplu,4
mūṣû,4
ripittu,4
Sin-aplu-iddina,4
Abu-ṭaba,4
Arbitehi,4
mērešu,4
šurrû,4
Kapar-Nabu-šimanni,4
Asalluhi-šumu-iddina,4
kitru,4
Kalbi-Uku,4
Kaldu,4
galītu,4
nibzu,4
kamāsu,4
rahāṣu,4
Darati,4
Ammi-yataʾ,4
Bit-Haʾir,4
Šamaš-šumu-ukin,4
Umban-kidinni,4
bis,4
šulmānu,4
bakû,4
Nabu-zeru-lešir,4
Amiru,3
Adad-isseʾa,3
Bel-lešir,3
râbu,3
qâlu,3
Ilu-mušezib,3
pīhātūtu,3
Urukaya,3
puhhu,3
Asdudaya,3
Amqarrunaya,3
karintu,3
Kubanaše,3
mākisu,3
agāru,3
Nabu-uṣalla,3
Urammu,3
Samnuha-belu-uṣur,3
Buru,3
padakku,3
almattu,3
zaqīpu,3
mazû,3
Labdudu,3
Ariawate,3
Sapirrutu,3
puluhtu,3
Ilu-iqbi,3
Sikris,3
akītu,3
Marduk-šumu-iddina,3
namaddu,3
Halzu,3
Inurta-ilaʾi,3
tamû,3
Ruqahaya,3
Bit-Barru,3
idu,3
nimru,3
laptu,3
Kar-Šamaš,3
Ṣibtu,3
Munuʾ,3
Paqaha,3
Milqia,3
šuh,3
Ina-šar-Bel-allak,3
Marqasaya,3
išpartu,3
Ahat-abiša,3
Zikirtaya,3
ṭiābu,3
titūru,3
šipru,3
našāqu,3
enšu,3
passuku,3
Ubase,3
lētu,3
naglabu,3
bubūtu,3
šapālu,3
zāratu,3
Qappataya,3
Bit-Sibitti,3
Ilu-piya-uṣur,3
pahru,3
kizzatu,3
Nabu-mušallim,3
šallūru,3
erēnu,3
šurmēnu,3
ūmussu,3
ṣullû,3
dīru,3
Raṣappaya,3
mašqû,3
daprānu,3
qatāru,3
Hubuškia,3
Samirinaya,3
Dadi-ibni,3
Dur-Ladini,3
Bit-Amukanni,3
Dugul-pan-ili,3
Huziru,3
Bel-epuš,3
Nabu-ahu-ereš,3
ša-irti,3
Aššur-bani-ahhe,3
Šarrat-samme-ilaʾi,3
Adda-hutni,3
Kusayu,3
išpatu,3
kasūsu,3
Menaheme,3
nignakku,3
Kusaya,3
Nikkal-iddina,3
rabrabānī,3
Gaddiya,3
aptu,3
ša-bēt-šumēli,3
Riba-ahhe,3
Tarhundapi,3
Marduk-eṭir,3
Šumma-Nabu,3
Zakiru,3
Idraya,3
Ṣillaya,3
Abda,3
Qurdi-Issar,3
Mušezib-ilu,3
Palhu-ušezib,3
Ubbuku,3
Urdu-ahhešu,3
Ṣil-Aššur,3
raggimu,3
parkullu,3
Akkadu,3
nakkamtu,3
Ubru-Adad,3
takpītu,3
rukkusu,3
nehsu,3
tīrānu,3
mušarû,3
kīsu,3
aban-lamassi,3
šubû,3
terdītu,3
Bayadi-il,3
mukallimtu,3
Alihu,3
ṭīmu,3
gammidatu,3
harīru,3
Šulmu-beli-lamur,3
kallu,3
lummu,3
gabbubu,3
šītu,3
sarhu,3
tallulu,3
Harranaya,3
Ilu-taklak,3
kasânītu,3
ušamītu,3
Abdi-Milki,3
nēmedu,3
māmītu,3
ahû,3
bītānû,3
arû,3
Akkullanu,3
napšaštu,3
Bel-naṣir,3
kiṣirtu,3
Bit-Ammanaya,3
Bet-Nayalani,3
ayyalu,3
mahīru,3
Laṣ,3
Abdi-Samsi,3
diglu,3
ūʾa,3
takālu,3
nūru,3
šēlūʾutu,3
rapādu,3
ikkû,3
nawru,3
ikkillu,3
tamlīu,3
herṣu,3
sippu,3
ayyābu,3
nēmelu,3
hallālāniš,3
enguratti,3
barāmu,3
Kissik,3
Kusu,3
Kar-Mullissu,3
Hamede,3
Kar-Salmanu-ašared,3
liginnu,3
Sin-ahu-iddina,3
Aya-rapa,3
Našuh-qatar,3
Našuh-idri,3
Kankanu,3
maṣṣar-qabli,3
Halmusu,3
Samsi-ilaʾi,3
ša-kubšēšu,3
Mannu-ki-ili,3
Ašira,3
Il-Dadi,3
Našuh-dala,3
Attar-idri,3
Immirina,3
Mar-šarri-ilaʾi,3
Azi-il,3
talpittu,3
Zar-Issar,3
Adad-dan,3
Issaran-mušallim,3
Ahi-ramu,3
Sumaya,3
ša-UD.MEŠ,3
Šarru-metu-uballiṭ,3
tēlītu,3
Sagibi,3
maʾuttu,3
Ṣi-hu,3
Baya,3
Urdu-Aya,3
Mušallim-Aššur,3
Bassi,3
Suhayu,3
Nabu-dur-beliya,3
Nabu-iddina,3
Ahuʾa-amur,3
Ṭabu-ahhe,3
Lu-balaṭ,3
Nergal-šallim,3
Nergal-ašared,3
Ubri,3
Bel-ilaʾi,3
Nabu-kaṣir,3
Ubru-Harran,3
Marduk-iddina,3
Ša-Aššur-dubbu,3
indi,3
Gallulu,3
Nergal-dan,3
Qiti-ilani,3
Nabu-tabni-uṣur,3
Aššur-ahu-uṣur,3
bīʾu,3
Bit-Hamban,3
La-ṣahittu,3
Tarditu-Aššur,3
Yahuṭu,3
Sin-ilaʾi,3
kunāšu,3
Saka-il,3
Nergal-uballiṭ,3
Basasu,3
pūru,3
Nabu-ahhe-iddina,3
Mannu-ki-Issar,3
Adad-aplu-iddina,3
Pišermu,3
Dur-Atanate,3
Azari,3
Arragdi,3
Ṣil-Nabu,3
Nabu-eṭiranni,3
Habil-kenu,3
dumāqū,3
Bit-Ninurta,3
sunqu,3
arāru,3
Issar,3
saharšubbû,3
Ribati,3
Urdi,3
Ṭab-šar-Issar,3
Nabu-kenu-balliṭ,3
Gabbu-ilani,3
Tatti,3
La-dagil-ili,3
Raši-ili,3
qubūru,3
Nergal-apil-kumuʾa,3
ālik-ilki,3
šahṭu,3
ša-gaṣṣātēšu,3
šaṣbutu,3
ašarēdu,3
hīrtu,3
lemēnu,3
Bel-tarṣi-ilumma,3
mīšaru,3
mušammihu,3
gimillu,3
ridûtu,3
bitqu,3
ākilu,3
zāʾeru,3
ṣehēru,3
Bel-lamur,3
Issar-tariba,3
Ipparšidu,3
Libluṭ,3
hāwiru,3
emēmu,3
simdu,3
kakkallu,3
bēl-zīzi,3
eṣemṣēru,3
šisītu,3
Kar-Tukulti-Ninurta,3
bašālu,3
harmāku,3
Hindanaya,3
lemnu,3
kallātu,3
Abu-ilaʾi,3
Ezida,3
dayyānu,3
lamādu,3
šunūti,3
Attar-yati,3
Sin-kenu-uṣur,3
Arwas-maʾadi,3
Našuh-maʾadi,3
diri-Addari,3
Putaya,3
Naṣir-edi,3
Šarru-isseʾa,3
zêru,3
Aṣe,3
mārūtu,3
Milki-ramu,3
Nabu-mar-šarri-uṣur,3
Ša-la-ili-mannu,3
hamru,3
Ubru-ahhešu,3
Yamani,3
Ṣallam-šarri-iqbi,3
Šulmu-mat-Aššur,3
Urdu-Aššur,3
Qurdi-Adad,3
Mutakkil-Marduk,3
Maganiṣi,3
Balaṭaya,3
Gabbu-ina-qat-ili,3
Gabbu-ilani-ereš,3
Aššur-šallim,3
Šalamu,3
Mannu-lu-šulmu,3
Belet-uṣalla,3
Aššur-nadin-ahi,3
Bel-Harran-ahu-uṣur,3
Seʾ-ayali,3
Nabu-ušabši,3
Inurta-ahu-iddina,3
Šulmu-mati,3
Ha-bašti,3
Bel-ereš,3
Kukkullayu,3
Samaku,3
Marduk-uballiṭ,3
Kuti,3
akkullu,3
Aššur-belu-udaʾʾan,3
kudāru,3
Nabu-šapik-zeri,3
Adad-abu-uṣur,3
Lulabbir-šarrussu,3
yarhu,3
Irbuaya,3
Bani-ahhe,3
Adad-ereš,3
Lahiraya,3
Šamaš-taklak,3
Ereš-ilu,3
Nabu-ereš,3
Ammi-kenu,3
Dur-Kurigalzu,3
etāku,3
Karalla,3
riāhu,3
Naṣib-il,3
Bit-Dakkuri,3
Burati,3
pattû,3
Kulumanaya,3
herû,3
Nabu-balliṭanni,3
Bubilu,3
Hatallaya,3
Irtukkanu,3
Asrukanu,3
Nikkur,3
Araši,3
niksu,3
Radmanu,3
Batulu,3
Uriakka,3
Ilumma-taklak,3
Zeru-iddina,3
hatanu,3
pakku,3
Itti-Šamaš-balaṭu,3
tukkulu,3
Belet,3
samû,3
marāṭu,3
Iyaze,3
hakāmu,3
puṭṭuru,3
anāqutu,2
radāpu,2
Argite,2
Labaʾu,2
tīlu,2
innû,2
Ilu-biʾdi,2
Mita,2
pašāru,2
Urpalaʾa,2
Kilar,2
Atunnaya,2
mazāʾu,2
Kišaya,2
rīmu,2
līṭu,2
eṣēru,2
Hazzataya,2
hušû,2
narmaktu,2
Zarana,2
Aridu,2
Ilhini,2
Bur-šarri,2
imeru,2
tēgirtu,2
Zaba,2
šiāṣu,2
Tastiati,2
rūqu,2
littūtu,2
āliku,2
manāhtu,2
Sumurzu,2
qātā-,2
Banitu,2
Metunu,2
Nabu-dur-maki,2
Aššur-šarru-ibni,2
urdānūtu,2
perru,2
Saraga,2
patiu,2
Parak-šimati,2
Balṭi-iqbi,2
šēpītu,2
Marqasa,2
Aššur-balti-niše,2
Sinu,2
kinattu,2
Gambulu,2
Šamaš-upahhir,2
šurīnu,2
abālu,2
ayyekamēni,2
Arpaddaya,2
Pan-Aššur-lamur,2
Ullusunu,2
mukillu,2
dalāhu,2
Laqaya,2
naksu,2
iššanû,2
Gurdi,2
mazzaztu,2
kinūnu,2
ūru,2
sêru,2
Hamranaya,2
mīlu,2
qirsu,2
gišru,2
bādu,2
huzīru,2
Anu,2
pitūtu,2
ubānu,2
Seʾ-lukidi,2
Dur-Yakin,2
rāšû,2
Raʾsunu,2
Til-Barsipaya,2
Zari,2
paṭīru,2
Anisu,2
Nabu-riba-ahhe,2
rību,2
līdiš,2
Kaqqadanu,2
Hubuškaya,2
Arzabiaya,2
huṣābu,2
zūku,2
Nabataya,2
Nampigu,2
Akburu,2
Hesa,2
Sin-iddina,2
rakābu,2
erbêšu,2
taʾʾumu,2
Halzi-atbar,2
Naʾdi-ilu,2
nākisu,2
Surmarrati,2
mâdu,2
Tartara,2
Bit-Ištar,2
tillu,2
Aššur-nadin-ahhe,2
Epa,2
Upumu,2
Nemed-Issaraya,2
šaluššani,2
Eber-nari,2
Nabu-eṭir-napšati,2
Suhaya,2
Ahu-illika,2
Laqe,2
warkītu,2
âdu,2
birhu,2
māhāzu,2
Dinanu,2
Bar-Ṣaruri,2
kurdiššu,2
pūhu,2
kūṣu,2
dannatu,2
kanīku,2
Nabu-deni-epuš,2
harāṭu,2
Arraphaya,2
epertu,2
gerru,2
kūnu,2
seʾru,2
Nur-Sin,2
Melidi,2
ešēru,2
Gargamisaya,2
tidintu,2
Dur-Balihaya,2
gizzu,2
hubbulu,2
Patti-Illil,2
gerdu,2
Naṣiru,2
Inurta-ballissu,2
Ṣi-Huru,2
Puglu,2
Inurta-alik-pani,2
arkatu,2
huzūnu,2
kupītu,2
Nabu-mušeṣi,2
Adda-idri,2
Seʾ-maʾadi,2
Nadin,2
maʾāssu,2
Aya-yababa,2
ša-qāti,2
dalû,2
Ṣurriya,2
kurgarrātu,2
lahhinutu,2
Buda,2
Pumu,2
Ubru-Sin,2
Marduk-šimanni,2
Adad-leʾi,2
Sin-bel-šumati,2
Marduk-šallim,2
Aya-ramu,2
Nabu-ahhe-balliṭ,2
Issar-šumu-ereš,2
Kiṣir-Nabu,2
Nabu-gamil,2
Bel-ušezib,2
Asqudu,2
Sin-balassu-iqbi,2
Nabu-šarrani,2
Aššur-alik-pani,2
Šamaš-šarru-uṣur,2
Silim-Taqumu,2
Šaši,2
Nabu-reṣuwa,2
Mannu-ki-Harran,2
Abdi-ilim,2
Ubru-Nergal,2
Gulusu,2
Ubru-ahhe,2
Hadidu,2
Šappulu,2
Puṭi-Širi,2
Nergal-uballit,2
Ahu-lešir,2
Ubru-Sebetti,2
Hur-ši-Ešu,2
Lu-terik-šarrussu,2
Hani,2
Bel-bani,2
Puti,2
ša-salāʾi,2
kišukku,2
kigallu,2
Nanaya,2
ebbu,2
Mar-biti,2
Gilua,2
kurinnu,2
Arzezu,2
Bel-Harran-šarru-uṣur,2
Akkadayu,2
mudakkiu,2
ṭūdu,2
nittu,2
irṣiṣu,2
šamnu-ṭābu,2
mēṣu,2
ṭurru,2
ēru,2
turminabandû,2
pendû,2
qapīru,2
Qarnina,2
Amidu,2
haštu,2
Ishur-māda,2
kalûtu,2
Šibaniba,2
Šudu,2
hûratu,2
miqtu,2
kitturru,2
uṣurtu,2
Seʾ-rahi,2
asallu,2
dūdu,2
taphu,2
Biʾisi,2
harû,2
kirru,2
Šeruʾa-eṭerat,2
Aššur-mukin-paleya,2
ēqūtu,2
mulappitu,2
kindabašše,2
egizaggû,2
Azri-Yau,2
Kabtaya,2
šunannu,2
Dadi-ilaʾi,2
takpu,2
Šamaš-ibni,2
sukku,2
šušippum,2
kundirāšu,2
nipšu,2
sanbuku,2
mukarrisu,2
gāgu,2
Musku,2
šiltāhu,2
kaššāpu,2
kippatu,2
huṭāru,2
uruthū,2
asu,2
dannatti,2
qurrubu,2
ašnugallu,2
Ṣimirraya,2
Arubu,2
qudāšu,2
Sin-šar-ahhešu,2
Ninuaya,2
šakkullu,2
guhlu,2
Sebetti,2
Dilbat,2
Išum,2
Dadaya,2
raggimtu,2
šigāru,2
rīšu,2
agû,2
bâšu,2
qatû,2
hassu,2
kakkišu,2
sūnu,2
nirriṭu,2
taqnu,2
narʾamtu,2
agarinnu,2
ṣarṣaru,2
šaqû,2
mašû,2
kapāpu,2
laqātu,2
šarratu,2
bêlu,2
adammūmu,2
šarbu,2
tārītu,2
eṣēnu,2
maqlūtu,2
banû,2
izīru,2
gattu,2
dalālu,2
binûtu,2
lapātu,2
kâšim,2
šaptu,2
atāru,2
Barzib,2
birītu,2
Yauna,2
Uru,2
Isin,2
Yasubu,2
Mat-Nagir-ekalli,2
Singara,2
Duʾru,2
šandabakku,2
Sulaya,2
Bel-ipuš,2
Samsi,2
Hašilanu,2
paʾṣu,2
Til-abna,2
Il-nuri,2
Idri-Anu,2
Seʾ-idri,2
Rahima,2
Seʾ-aqaba,2
Il-Našuh-milki,2
Ilu-ittiya,2
Kul-ba-yadi-il,2
Seʾ-dilini,2
Paliṭu,2
Til-lini,2
Našuh-dilini,2
Remanni-Nabu,2
Hansuri,2
Uasi,2
Zabda,2
Abi-hari,2
Halama,2
Seʾ-ahadi,2
Kapar-Urdi,2
Samsi-idri,2
gallābu,2
Seʾ-saka,2
Seʾ-mataʾ,2
Til-rapšiaya,2
Ter-dala,2
Nabu-ušallim,2
Aya-abu,2
kaṣru,2
Kurza,2
Sura,2
Seʾ-manani,2
Salamu,2
Aha,2
Abu-duri,2
Halule,2
Nuranu,2
ālidu,2
Ilu-ukallanni,2
Aššur-eṭir,2
hahhu,2
Abi-ramu,2
Bel-abuʾa,2
līdānu,2
Ṭuri,2
Luʾamma,2
kiništu,2
Dunni-Šamaš,2
Igli,2
Ezibtu,2
Uburtu,2
Aramu,2
Munnabitu,2
Ukkayu,2
Kiribtu,2
Abu-lamur,2
Kubabu-ilaʾi,2
Šumu-iddina,2
Kutaya,2
Kar-Aššur-ahu-iddina,2
Šamaš-šezib,2
Susanu,2
Aplu-uṣur,2
Šamaš-abu-uṣur,2
Šep-Issar-aṣbat,2
Nabu-belšunu,2
Nušku-iddina,2
Ilu-naʾdi,2
Aššur-šezibanni,2
Milki-Il,2
Marduk-ereš,2
Marduk-šumu-ibni,2
Qilti,2
Belet-Babili,2
Šamaš-nuri,2
Bel-isseʾa,2
Ahu-leʾuti,2
Adda-saka,2
Šumu-ken,2
Ṣil-Mullissu,2
Šimu,2
Qaritayu,2
qallalu,2
Yadiʾ,2
Abu-iddina,2
Šahuppa,2
Harhar,2
Kurbanu,2
buṭumtu,2
Eriba-Adad,2
zakru,2
Ahhešaya,2
Šimki-Aya,2
Dur-maki-Issar,2
summuhu,2
Gagi,2
Tuatti,2
Hanubuni,2
Ašhitu,2
Kalu,2
Puli,2
Hili,2
Uluanda,2
Sare,2
Maturaba,2
Babiti,2
Radanu,2
Barzundi,2
Nappigi,2
Sizini,2
Dur-Tukulti-apil-Ešarra,2
ša-pān-nērebi,2
Ahi-pada,2
šašallu,2
tallultu,2
umma,2
Nabu-šumu-kaʾʾin,2
Qisaya,2
Šamaš-abuʾa,2
Marrutu,2
Adda-imme,2
Harbate,2
šâtunu,2
qību,2
ezzu,2
šallatu,2
harimtu,2
Ṣil-Bel-dalli,2
Remanni-Šamaš,2
Salim-kenu,2
Nabu-mudammiq,2
gašru,2
qardu,2
zumru,2
arratu,2
napšuru,2
halāpu,2
Dudu,2
Aššur-matka-daʾʾin,2
Issar-remanni,2
Harra,2
Bel-ukin,2
Nuri,2
Awira,2
Adad-uballiṭ,2
Yatama,2
Gugi,2
Biʾa,2
Nabu-zeru-iqiša,2
Inurta-abu-uṣur,2
Eṣidayu,2
zamru,2
Banitu-tereš,2
Asalluhi-duri,2
Gabbu-ana-Issar,2
Mariddi,2
Bel-Harran-isseʾa,2
Nanna,2
Adda-sagab,2
Šamaš-leʾi,2
Abi-nuri,2
Issar-emuqaya,2
Ki-lamši,2
muṣappiu,2
Sasu,2
šūt,2
gaṭṭaʾa,2
ša-muhhi-bīt-šarri,2
aqû,2
Il-yaba,2
annanna,2
qīštu,2
eššiš,2
tanittu,2
lapān,2
nikiltu,2
ekletu,2
labāru,2
kabattu,2
abbūtu,2
ṭehû,2
ušallu,2
rīmūtu,2
maʾʾuttu,2
nammušīšu,2
ṣabābu,2
bāntu,2
arkānu,2
sīhu,2
ēdiš,2
Ṭab-šar-papahi,2
šuātina,2
sahhurtu,2
Ahu-uqur,2
Šamaš-isseʾa,2
Ereš-Issar,2
Adad-ilaʾi,2
Iqbi-ilu,2
Mat-Šumeri,2
Tuqun-mati,2
talbītu,2
naparkû,2
aššum,2
Al-apiani,2
Qannunu,2
mušarbû,2
mādiš,2
Al-erib-beti,2
kīmū,2
mahrû,2
baṭālu,2
Burallu,2
qeršu,2
samīdu,2
ša-muhhi-kezrēti,2
muterru,2
zagmukku,2
ilūtu,2
nakliš,2
Nabu-zaqip-enši,2
Urdu-Gula,2
mazzizu,2
Aššur-šimanni,2
Aššur-isseʾa,2
Kakkussu,2
gaṣṣatu,2
Huburtaya,2
Kiṣirtu,2
šerʾānu,2
erru,2
bugurru,2
Tukulti-Ninurta,2
Ešarra-hammat,2
enû,2
qiāpu,2
Nabu-hamatuʾa,2
Awianu,2
Ṣabat-lukun,2
eṭûtu,2
Kenu-Adad,2
Rahimi-Dadi,2
Il-gabir,2
Ahata,2
Seʾ-qatar,2
kanwartu,2
šaplû,2
Aššur-belu-kaʾʾin,2
andurāru,2
Nabu-isseʾa,2
Hallabeše,2
Musallamu,2
Abdi-Kurra,2
Kenu-ahhe,2
Labaṭi,2
Ṭab-Dadi,2
Dugul-ana-ili,2
Adad-bel,2
tarāṣu,2
Nabu-šallimšunu,2
Urdu-Baniti,2
Šamaš-daʾʾinanni,2
Takilati,2
Uqur-ahhe,2
Mudabirayu,2
Nabu-ušezib,2
Hu-bašati,2
Indu,2
Raʾu,2
Bel-šarru-ibni,2
Ilu-šumu-kaʾʾin,2
Marduk-ibni,2
Dadusu,2
Kilizaya,2
Bazuzu,2
zuqiqīpu,2
šapartu,2
Bel-ahhe,2
isqu,2
Isanayu,2
Nahiri,2
Tiurame,2
Kuluʾ-Issar,2
Issar-metu-balliṭ,2
Mannu-ki-Inurta,2
ārišūtu,2
muttatu,2
Nergal-abu-uṣur,2
Iqišaya,2
Ibnaya,2
Uqupu,2
Puhur-lešir,2
Pi-san-Eši,2
Marduk-naṣir,2
Danni,2
Marduk-naʾdi,2
Nabu-ašared,2
Nabu-raʾim-ketti,2
Aššur-daʾʾin-šarru,2
Marduk-zeru-ibni,2
Šiddiasika,2
Šarru-šumu-kaʾʾin,2
Aššur-kettu-iram,2
Apladad-killanni,2
Reṣa,2
Busi-ili,2
Ubraki,2
Minu-epuš-ilu,2
Nabu-dur-beli,2
šarāqu,2
Bit-Hurapi,2
Hubabaya,2
Aššur-šallimšunu,2
Ata,2
Tardiya,2
ša-šīmi,2
Nabu-nammir,2
šīmu,2
Šamaš-dala,2
Zarpi,2
Belanu,2
Hirana,2
Uznanu,2
Sin-belu-uṣur,2
Duri-Aššur,2
Nabu-daʾʾinanni,2
Seʾ-immi,2
Diši,2
Salmanu-imme,2
ša-husīni,2
Šamaš-ereš,2
Amu-rṭeše,2
Nihti-Eša-rau,2
Atiʾ,2
Kišqaya,2
Mannu-ki-Allaya,2
Abdunu,2
Balaṭu-ereš,2
Aššur-šallim-ahhe,2
Iqbi-Bel,2
Ahi-gedi,2
Nadinu,2
Bardi,2
Dayyanu-Adad,2
Aširu,2
Al-radi-imari,2
Ša-Ṣillaya,2
Bel-Ingal-duri,2
Ammini-ili,2
Abdi-Dada,2
Nušku-emuranni,2
Seʾ-dala,2
Rehanu,2
Ṣil-Aššur-allak,2
Ubru-šarri,2
zaqpu,2
Mardiane,2
Kapar-Diqarati,2
Nabu-kabti-ahhešu,2
Bulalu,2
hīpu,2
Nušku-ahu-iddina,2
Kapar-Bahaya,2
Mar-suri,2
Ahi-yaqar,2
Ina-šar-Nergal-allak,2
Sin-uballiṭ,2
Nabu-ilaʾi,2
Liphur,2
Sariuni,2
Samanaya,2
Baʾalti-yabatu,2
Atar-ili,2
Bel-šimanni,2
Upaqu,2
Marduk-ahu-iddina,2
Buraqa,2
Gilgameš-edašu-šakšid,2
Mannu-ka-Seʾ,2
Kapar-Bit-sasana,2
Aduni-Baʾal,2
Qumbatu,2
Bit-Šelebuna,2
Ahi-Yau,2
La-tubašanni-Dadi,2
Marduk-nadin-apli,2
Nabu-tukulti,2
Parnu-uarri,2
Zeru-samaʾ,2
himsātu,2
Karallaya,2
Niya,2
Uaksatar,2
samku,2
Il-pada,2
hanāqu,2
Isuqaya,2
agru,2
urpu,2
harru,2
ālāyû,2
kādu,2
Hau,2
kīdānu,2
Hunnuru,2
Madaktu,2
Umman-mina,2
Bur-Sila,2
Mahumaya,2
Bit-Amukannaya,2
Yasumu,2
pašāhu,2
Malakaya,2
Barsipitu,2
Kipre,2
qarnu,2
Akkuddu,2
Šaparda,2
Zabgaga,2
Zalipaya,2
Naṣibi,2
Dasukku,2
Šingibutu,2
Hazannu,2
Saʾeru,2
Kiš,2
Sapia,2
Aššur-reṣiwa,2
Sabhanu,2
Šidada,2
Arranu,2
mušašnītu,2
labānu,2
Turna,2
Labdudaya,2
hursānu,2
laššūtu,2
Larakaya,2
Mušezibu,2
sikkatu,2
Karakku,2
sapāqu,2
Luhutaya,2
Nergal-belu-uṣur,2
Nadin-ahhe,2
Pillat,2
Gabe,2
Bit-Imbi,2
Malaku,2
Baga-parna,2
bātiqu,2
ša-arīti,2
battatayya,2
sāru,2
zaʾānu,2
Bamba,2
Arda,2
Adad-killanni,2
Neri-Yau,2
Palṭi-Yau,2
Zaza,2
ṭātu,2
ayyiša,2
ša-ṣilli,2
qulālu,2
Paʾe,2
nâlu,2
Nasiʾ-bar,2
hallupu,2
marāqu,2
mašālu,2
asakku,2
Belet-Kidmuri,2
šebû,2
nazāru,2
Beltia,2
išpallurtu,2
līpu,2
tašlimtu,2
hazannūtu,2
Nabu-šarhu-ubaša,2
Sarrabanaya,2
Tarbiṣu,2
Parruṭu,2
šakru,2
ṭupšarrūtu,2
ṣītu,2
Urtaku,2
ša-muhhi-huluhhi,2
hiddu,2
ša-šērāti,2
danniš,2
Illabani,1
girûtu,1
pannugu,1
šunāʾa,1
Ištahup,1
Kubaba-ereš,1
Tuqunu,1
Kimumaya,1
Aššur-ereš,1
Urik,1
ziqnu,1
šakkulu,1
Istuandaya,1
Bit-Purutaš,1
kaʾādu,1
ebīhu,1
kurû,1
kunnušu,1
Deraya,1
Ban-Ammanaya,1
Udumaya,1
kisallu,1
ṣipru,1
huppu,1
Mannu-ki-Aššur-leʾi,1
Kapar-Mariyaba,1
Kapar-Amdanu,1
Hadina,1
mugguru,1
Yasubuqu,1
ʾAtaya,1
karku,1
gumakillu,1
Abattu,1
Qanni,1
mēlû,1
šībūtu,1
kīniš,1
rēʾûtu,1
šadālu,1
naṣru,1
kippu,1
huhāru,1
ramāku,1
dayyaltu,1
munnagru,1
Dada,1
Adad-iriba,1
kašāru,1
Aššur-ašared,1
Hamudu,1
hadi,1
Arzabia,1
Zahe,1
Šuguraya,1
hanniqu,1
Nipur,1
Rabla,1
Rahdiaba,1
turtānūtu,1
Inurta-belu-uṣur,1
eṣru,1
Zabbua,1
šakālu,1
Muṣaṣir,1
šaʾʾurtu,1
šahālu,1
Urabu,1
qanšu,1
Marubištu,1
šākiru,1
šupêlu,1
Tabni-ilu,1
kê,1
kilallān,1
eṣdu,1
Elizki,1
zaqquru,1
Til-Turi,1
šamāṭu,1
naquttu,1
Dadi-suri,1
harurtu,1
šiddi-nārāya,1
nāgurtu,1
Sanda-pi,1
Kuza,1
ša-sāgātēšu,1
Ubru-Babili,1
Habhu,1
Yeri,1
Šuzubu,1
Adad-nuri,1
šalāʾu,1
miqittu,1
nimraʾu,1
šūlû,1
dīktu,1
Wazaun,1
Muṣaṣiraya,1
rīqūtu,1
Nergal-balliṭ,1
Pilistaya,1
Luqaše,1
Sili,1
Ziziru,1
aširtu,1
Ṣil-Šamaš,1
Bel-deni-amur,1
Patamu,1
Qipanu,1
Adda-šumki,1
Labarmu,1
Appa,1
Haldi-naṣir,1
Yaʾiru,1
Sazana,1
Ašapi,1
Maniʾ,1
katāru,1
Bit-Sin,1
Bit-Šamaš,1
Bit-Nikkal,1
sarāmû,1
kursimtu,1
Qurani,1
Sinnu,1
Bel-age,1
Lurisite,1
muṣallu,1
Hasaya,1
kerku,1
niāru,1
Simanayu,1
Aššur-naʾdi,1
Bit-Adad-ša-zunni,1
Alu-ša-tamkari,1
Šitabni,1
Mat-rab-šaqe,1
nagmuru,1
Lapsia,1
Lili,1
Issar-tašme,1
Tarqunani,1
Tasi,1
Erra-gamil,1
Zabina-ili,1
angāšu,1
mušlu,1
qerû,1
Ṣil-Bel,1
Kapar-Diqarate,1
harpu,1
Samnuha-bessunu,1
Kannuʾaya,1
Ṭabtaya,1
Tarriki-hallu,1
atbaru,1
mādidu,1
Aššur-dalal,1
emu,1
Urzana,1
Mutianni,1
Aššur-neše,1
daʾāpu,1
hasāpu,1
Šibirtu,1
Huhhu,1
mazāqu,1
Duru,1
pišannu,1
Seʾ-gabbari,1
Nerab,1
mukinnu,1
Kukab,1
mašāʾu,1
rummû,1
libbātu,1
Adad-abuʾa,1
Ubru-Libbali,1
napšu,1
Kuna,1
huṣṣu,1
haṣāṣu,1
šumruṣu,1
Maliasu,1
Ṣululu,1
Me-ṭabute,1
Amantu,1
Kasappa,1
middatu,1
Galṣabri,1
šamru,1
šupālītu,1
kaṣpu,1
Udinu,1
pahhurtu,1
ša-mušezibti,1
Nabu-zaqip-keni,1
paspasu,1
Maškalaya,1
Ibbaya,1
Kalbu,1
Baninu,1
Lešir-Adad,1
Maʾa-il,1
Adda-abi,1
Ilu-liphur,1
Bazazu,1
Ahu-kenu,1
Harimi,1
Il-zabadda,1
Sime-ila,1
Kubaba-satar,1
Saʾalti-il,1
Astar-gaddi,1
Nashir-ilu,1
Kapar-Hane,1
Agganu,1
Ṭuʾa-abi,1
Apladad-siʾa,1
ša-qaštu,1
Til-rahawa,1
Kapar-Saqamanu,1
Aššur-raʾim-šarri,1
Kapar-ilani,1
Hamuna,1
Kuru,1
Izzia,1
Kummu,1
šiqdu,1
abūbu,1
Kapar,1
atmanu,1
Šiti-tabni,1
Amat-Emuni,1
nargallatu,1
ṭupšarratu,1
Andariya,1
Duʾraya,1
nappāhtu,1
pallissu,1
gallabtu,1
muraqqītu,1
šāqītu,1
ēpītu,1
Nikkal-hammat,1
mašennatu,1
Humatati,1
Nikkal-šarrat,1
Aššur-ahhe-balliṭ,1
Giri-Ṣapunu,1
Marduk-šumu-uṣur,1
Denu-amur,1
Aššur-šakin-leti,1
Šamaš-pirʾu-uṣur,1
Sin-dan,1
Nabu-natkil,1
Ṭab-šar-Nabu,1
Aššur-zaqip,1
Urdu-Adad,1
Sin-iqbi,1
Adda-rahimu,1
Abi-qamu,1
Leʾi-pašir,1
Ušebišuna,1
Nabu-kuzub-ilani,1
Ahhe-riba,1
Zuarzuarza,1
Tiluli,1
Bunaya,1
Etel-pu,1
Nabu-nadin-šumi,1
Nabu-pirʾu-lešir,1
Aqaraya,1
Qurdi-Arbail,1
Palil-bani-ahhe,1
Raʾsi,1
Ṣi-Hu,1
harṭibu,1
Huru,1
Nimmurau,1
Hur-waṣi,1
Pilanzazu,1
Saʾiru,1
Urdu-Ea,1
Nergal-zeru-ibni,1
ša-bēt-šaknūti,1
Šep-Adad,1
Kabti-ili,1
Seʾ-qamu,1
Sin-naṣir,1
Sin-šar-ilani,1
Bulu-zakaru,1
Nabu-dayan,1
Bir-Yama,1
Hanisiku,1
Iltadaya,1
Ser-nuri,1
Ahhe-šallim,1
Adad-ahhe-šallim,1
Sakkuku,1
Huhamaya,1
Ambattu,1
Nergal-šarrani,1
Issaran-epuš,1
Nergal-kenu-uṣur,1
Uazaru,1
Quqi,1
Dikaniaya,1
Ihniatka...,1
Nitayahati,1
Atkalanni,1
Suaʾli,1
Itti,1
sakikkû,1
Nabu-šakin-šulmi,1
ušburrudû,1
Kakkab-rēš-šatti,1
Muqquru,1
Zabbanu,1
Šarru-kettu-iram,1
Handa-asiri,1
Arbaga,1
Manini,1
Šamulu,1
Hanṭu,1
Arzizu,1
Abi-štamba,1
Ištakiparri,1
Akkad,1
ayyaru,1
sādu,1
šappu,1
tirimtu,1
sussullu,1
sibkarû,1
masabbu,1
kumāru,1
Pillataya,1
Palil,1
šibirtu,1
sabbubu,1
Hasumu,1
sikkūru,1
ša-muhhi-nīri,1
gumʾu,1
udāti,1
sappāru,1
hašhūr-api,1
Issar-bit-Kidmuri,1
Belet-balaṭi,1
pinnu,1
tikku,1
Qurbu-nešmuša,1
Parišat-pale,1
humbabītu,1
šimmatu,1
piṣṣu,1
ṣapû,1
ūsu,1
ša-qabli,1
urê,1
litku,1
Milki-Issar,1
Bel-usati,1
kammu,1
Ibnutu,1
SI.DU3,1
MIN,1
Gilgameš,1
Kakku-sakku,1
PI-Uri,1
Arrabu,1
Šulpaʾe,1
magru,1
asarru,1
naṣraptu,1
Bit-Adad-leʾi,1
Teʾdi,1
Kahat,1
Sune,1
Tuphan,1
Kar-Aššur,1
Hubtu-Aššur,1
ša-pān-bābi,1
sapīnatu,1
išhu,1
hillu,1
nēbahu,1
ša-kurrēšu,1
ša-ṣallēšu,1
ša-halluptīšu,1
maldadu,1
ša-pān-ša-šadādi,1
ša-huppānīšu,1
ṭumânu,1
aqqabu,1
Issar-riši-remu,1
sinku,1
ṣippu,1
taskarinnu,1
Bit-Šeruʾa,1
malīlu,1
Dur-Issar,1
Balaṭ,1
Alu-ša-mar-šarri,1
Kar-Adad,1
Ša-Nabu-izzaz,1
zimzimmu,1
saplu,1
namzītu,1
buṣinnu,1
Aššur-šallimanni,1
Ilani-ereš,1
alluttu,1
gabudu,1
mutqītu,1
Armāyu,1
Aššur-etel-šame-erṣeti-muballissu,1
Sallat,1
barmu,1
karān-hāli,1
tanūku,1
hallu,1
mašak-arrabi,1
wabru,1
Ṣurru,1
palšu,1
abašmû,1
mekku,1
gišimmaru,1
ašgigû,1
sangilmud,1
girimhilibû,1
aban-bāšti,1
muštashiptu,1
ayyartu,1
sû,1
anzahhu,1
immanakku,1
LAGAB.UD,1
bahrê,1
aban-râmi,1
zalāqu,1
minītu,1
Ṭab-šar-Sin,1
Nabu-nurka-lamur,1
Danuni,1
Dan-Uruk,1
Šamaš-ballissu,1
Basayu,1
Eqayu,1
Šurši,1
Ubanša-naʾdi,1
Aya-aha,1
Hulbuna,1
Amur-ilut-Aššur,1
ṣabītu,1
zazabtu,1
Balṭaku-ammur,1
ripītu,1
kamēšu,1
habrû,1
hiāqu,1
qinnītu,1
maršu,1
qersu,1
ginisû,1
hazīqatu,1
Abbutu,1
Magašu,1
buginnu,1
kūru,1
Aššur-aplu-lešir,1
mayyālu,1
hayyattu,1
tēqītu,1
mašaddu,1
kutāhu,1
tapsû,1
šuršudu,1
sassu,1
rapqu,1
kurkurru,1
burrumu,1
sidāte,1
tamarzu,1
kubbusu,1
kubtu,1
Bit-Iba,1
ṣerret-šamê,1
Urra,1
maštilû,1
murrānu,1
kursiu,1
mahraṣu,1
takšû,1
maksūtu,1
ša-karni,1
ša-zubbi,1
Ubite,1
šarqūtu,1
Bubu,1
šimiššalû,1
nikiptu,1
kurdinnu,1
kurkanû,1
buṭnānu,1
hašiānu,1
ballukku,1
qanû-ṭābu,1
burāšu,1
Yamanaya,1
Ahi-sapa,1
ša-pīlīšu,1
sussu,1
tinūru,1
marratu,1
šarābu,1
Aššur-ahhe-eriba,1
puṭūru,1
kandu,1
Šamaš-uballiṭ,1
naphar-murṣi,1
alallu,1
turminû,1
šadânu,1
Padu-il,1
Arqaya,1
Mania,1
Ila-nasaka,1
Yatiʾe,1
Hammeašti,1
Ter-ilaʾi,1
Yusiq-il,1
Ila-ramu,1
Qalqalayu,1
Ahi-lidi,1
Yasubaya,1
Arzizaya,1
Saggil-kenu-ubbib,1
Gannanati,1
šabbušu,1
gubla,1
Bel-kabti-ahhešu,1
matīma-ūmu-rūqu,1
šarru-ana-dīni-lā-iqūl,1
ezēzu,1
Namzitarra,1
Hammu-rapi,1
tudittu,1
gubību,1
gišburru,1
Marʾat-šari,1
sabūbu,1
naphu,1
Šumma-yābil-uzni-kurri,1
Šumma-yābilu-imbâ-ilsi,1
namburbû,1
izbu,1
nigdimdimmû,1
kataduggû,1
ana-Anunnaki-paqādi,1
Bit-abu-ilaʾi,1
Qanunu,1
nakbasu,1
ušû,1
upnu,1
Šala,1
Šukurgallu,1
zātu,1
quqqullu,1
Ṣurraya,1
Aramiš-iqbi,1
saʾʾu,1
šaddu,1
nēmel,1
kâṣu,1
mungu,1
qan-ṭuppi,1
šabsūtu,1
mušēniqtu,1
maštaku,1
elmēšu,1
hangāru,1
aggu,1
qiltu,1
kalappu,1
kizirtu,1
qutru,1
pušhu,1
habūnu,1
zīqtu,1
sapānu,1
sarsarru,1
naqallulu,1
anqullu,1
hatāpu,1
haʾūtu,1
zarāqu,1
pāqu,1
gaṣṣiṣu,1
kurṣiptu,1
lalû,1
riāšu,1
sehû,1
halpatu,1
tallu,1
giṣṣu,1
šebēru,1
amurdinnu,1
napāšu,1
gilšu,1
armannu,1
tulû,1
hilpu,1
unnu,1
usātu,1
ištaru,1
sapāku,1
ṣabāru,1
mīrānu,1
ṭullumâ,1
qābītu,1
ēpištu,1
hubburu,1
ballu,1
šurbubu,1
galālu,1
šiṭru,1
igib,1
ēdu,1
zenû,1
ṣipputu,1
šiālu,1
tukultu,1
kimṣu,1
tiāmtu,1
huršānu,1
ṣētu,1
anhu,1
šudlupu,1
hurrudu,1
dāru,1
Gamuzanu,1
Šamaš-deni-amur,1
pargānīu,1
Dahasa,1
Ulanna,1
Uda,1
Attia,1
Amqarruna,1
Tillaya,1
Paddiraya,1
Kaldayu,1
Larsa,1
Kullab,1
Marad,1
Sahrina,1
Apšu,1
Eridu,1
Tilmun,1
Mat-Masenni,1
Mat-Rab-šaqe,1
Kar-Nergal,1
Kar-Enlil,1
Hilakku,1
Pilistu,1
Šibartu,1
Isqaluna,1
Udumu,1
Ammana,1
Mada,1
Saʾarru,1
Mat-tamti,1
Muṣur,1
Imgur-Illil,1
Šišlu,1
Suru-Nurani,1
Karaš,1
Kamanate,1
Ukumu,1
Inurta-gamil,1
Banunu,1
Utukkū-lemnūtu,1
Pirʾu,1
Ganabu,1
Tamranu,1
Gublaya,1
Arnaba,1
Seʾ-aplu-iddina,1
Sagibu,1
Il-abad,1
Mari-Til-Wari,1
Il-Seʾ-milki,1
Seʾ-napi,1
Dimmeti,1
Adi-mati-ilu,1
Kapar-Bel-abuʾa,1
Duma,1
Šer-dala,1
Luba-Našhu,1
Yanata,1
Našuh-samaʾani,1
Gaduʾata,1
Hasame,1
Il-šumki,1
Akuʾanu,1
Šer-manani,1
šaššūgu,1
Yanibir-Ṣuhuri,1
Mušallim-Našhu,1
Han-dada,1
Kapar-Ana,1
Piraʾa,1
Kapar-Gurraba,1
Dur-Nabu,1
Galali,1
Dadi-dilini,1
Magrisu,1
Hanpašanu,1
Mannu-yadiʾ,1
Kapar-Bir-Hanuni,1
Attar-šumki,1
Kapar-Kaparu,1
Seʾ-nuri,1
hilēpu,1
Nušku-duri,1
Kapar-Arrizu,1
Suraya,1
Il-naqami,1
Asanunu,1
Šar-ilani-il,1
Uadi,1
Il-bana,1
Harima,1
Našuh-dimri,1
Il-natan,1
Kapar-Adallal,1
Hinni,1
Risaya,1
Badani,1
Adda-lukidi,1
Issa,1
Aynata,1
Ṣaidina,1
Ina-Bir-manʾat,1
Sagib-Dadi,1
Il-paʾal,1
Ribit-Remanni-ilu,1
Gabri-il,1
Il-gabri,1
Nabu-ladi,1
Seʾ-yababa,1
Našuh-gabri,1
Kakuspi,1
Artalanu,1
Titi,1
Aya-Bulu,1
Adda-suri,1
Erisu,1
Mannu-ka-Dadi,1
Inurta-ereš,1
Nušku-leʾi,1
Inurta-uṣalli,1
Quni,1
Ilaʾi-abi,1
Il-milki,1
Panzi,1
Bisa,1
Aya-halu,1
Husaza,1
In-Issar,1
Hanati,1
Kapar-Šuga,1
Hadattu,1
Kapar-Laqe,1
Mannu-ki-Seʾ,1
Kamanu,1
Kapar-Adda-biʾdi,1
Ša-la-Bel-mannu,1
Kapar-Remanni-ilu,1
Ilu-bani,1
kubbulu,1
Ilassu,1
Huniṣa,1
Garida,1
Ahi-nagi,1
Il-nagih,1
Yamanya,1
Našuh-manani,1
Dadi-habi,1
Seʾ-hari,1
Huniṣu,1
talmīdu,1
Adda-biʾdi,1
Samunu-aplu-iddina,1
Harbat-ilaʾi-Bel,1
Tinia,1
Seʾ-dikir,1
Samsi-yabi,1
ešrētu,1
Yasume,1
Adda-sala,1
Sake-milki,1
Šamiku,1
Azizu,1
Šeria,1
Našuh-lawani,1
Hambussu,1
Il-aqab,1
Kapar-Suri-Bal,1
Attar-biʾdi,1
Il-malak,1
Kapar-Teʾer,1
Našuh-sagab,1
pūṣāya,1
Suri-ramu,1
Alikina,1
Ahriye,1
Tela-il,1
Gabmuri,1
Mannu-ki-našuh,1
Kapar-Hamu,1
Tinuni,1
Kapar-Akaru,1
Piruʾayu,1
Seʾ-šumki,1
Našuh-iddina,1
Kapar-Lahe-il,1
Bir-nari,1
Idri-li,1
Mannu-la-amini,1
Aktur-la-Našhu,1
Šer-ilaʾi,1
Bel-Harran-idri,1
Kapar-Qarihi,1
Gadise,1
Alu-ša-marʾat-šarri,1
Šumma-tašezib,1
Kubabu-šallimanni,1
Barbaranu,1
Mannu-ki-niše,1
Zabdanu,1
Saʾila,1
Aqar-Aya,1
Tariba,1
Imbuʾa,1
Sullumu,1
zakkāru,1
Mugallu,1
Temanaya,1
karašu,1
kamūnu,1
Idri-ahati,1
Kundaya,1
šūši,1
Kapar-Bise,1
Kapar-ikkari,1
Kapar-Akkullani,1
Ahiya-qamu,1
Minu-laqbi,1
Tattapha,1
Uṣi-Hanša,1
Hur-tibu,1
Puṭi-Huru,1
Ṣumaššeri,1
Puṭi-Mani,1
Kurara,1
Eša-rṭeše,1
haṣṣinnu,1
Papamaya,1
ursūtu,1
bāʾiru,1
Šumma-Adad,1
Marduk-iqbi,1
kutīmu,1
Kapar-Kuṣur,1
Kapar-Qiqi,1
Bambuki,1
Harbina,1
Gilsanu,1
Zinbanu,1
Gulsunu,1
Hubaba,1
Napissu,1
Ebirne,1
Karme,1
Al-nukaribbi,1
Salli,1
Minu-ahṭi,1
Niramayu,1
Haṭuku,1
Timbunaʾyu,1
Tikasu,1
Diasia,1
Urita,1
Ṣihati,1
Mannu-lu-zitti,1
quppu,1
Bel-mušallim,1
Babili-lumur,1
Sulilu,1
Ana-kaša-atkal,1
Nabu-apil-kumuʾa,1
Nabu-tešu-balliṭ,1
Ana-mini-allak,1
Badi,1
Iqbi-Issar,1
Uraya,1
Abi-Aia,1
diānu,1
Dawli,1
Ṭubu-salumu,1
Bet-Adad,1
Baltunu,1
Amuṣu,1
Ilu-ušabši,1
Tupha,1
Sarpi,1
Kubabu-naṣir,1
zunzurahhu,1
Ququʾa,1
Zababa-iškun,1
Zanduru,1
Aššur-kallimanni,1
Gurudu,1
Issar-šumu-kinni,1
La-tubašanni-ilu,1
Ša-Aššur-anenu,1
Sin-eriba,1
Ilaʾi-idri,1
Bissunu,1
Bir-amma,1
Bel-apkal-ilani,1
Hanṭasanu,1
Išme-ilu,1
Sin-duri,1
Ahu-ilu,1
Buzi,1
Kitipata,1
Giki,1
targumannu,1
Adda-kupa,1
Mar-Šamaš,1
Kar-Tukulti-apil-Ešarra,1
Zaliayu,1
Quili,1
Sarsa,1
Ṭurusu,1
Ginnaya,1
Tutammu,1
Kuzayu,1
Rama-Adda,1
Halimusu,1
Arbaṣina,1
Aburu,1
Karallayu,1
Tite,1
Naqabayu,1
Litiru,1
Sakan-Dadi,1
Kapar-Itiri,1
Sani,1
Quradu-ereš,1
Hawe,1
Bel-aplu-eriba,1
Mullissu-tuballiṭ,1
šullupu,1
yanussu,1
Zeru-lešir,1
Ahheʾa,1
Ahhešu,1
Yadiʾ-il,1
Mannu-yari,1
Kunzabanu,1
Nabu-mušabši,1
Bel-ahhe-eriba,1
Saranu,1
Abdi-Azi,1
Qurdi-Mullissi,1
Arzaya,1
Tabnea,1
Ilu-eṭir,1
Gahal,1
Itti-Marduk-balaṭu,1
Šapik-zeri,1
Šumu-libši,1
Bit-Lugal-Erra,1
Babu-ereš,1
Bel-eṭera,1
Ša-pi-Bel,1
Egibi,1
Išhara,1
dāpiʾu,1
nayābu,1
Remut-Gula,1
Qunnabatu,1
Inqaya,1
Kullaya,1
Adirtu,1
Bittu,1
Urdu-Nergal,1
Hari,1
Kidin-Marduk,1
Belassunu,1
Maqartu,1
šutummu,1
Gagaya,1
Idduʾa,1
Nabu-šumu-imbi,1
Marduk-pirʾu-kaʾʾin,1
Nabu-mušezib-napšati,1
Nabu-nadin-zeri,1
Nabu-kaṣir-šumi,1
Nabu-pirʾu-lilbur,1
Marduk-bani-zeri,1
Issar-uzuznaši,1
Issar-tuklat,1
Balṭi-šarrani,1
Uzna,1
Nikkal-gimri,1
Sarballi,1
Urkittu-abu-uṣri,1
Marta-rape,1
Ahut-milki,1
Amat-Bel,1
Tašmetu-šarru-uṣri,1
Uya,1
Hasuata,1
Abnana,1
Susuʾa,1
Bi-Dadi,1
Ahhutanu,1
Abilate,1
Haldia,1
Buša,1
Ṭuwa,1
Qablit,1
Bel-ili-balliṭanni,1
Qarena,1
Gurrunayu,1
Ilge,1
Kull-ki-il,1
Barhalzayu,1
Sinaʾini,1
Nuniba,1
Bulli,1
Yazinu,1
Kakkabnaše,1
Qarti-Haldi,1
Bel-šarru-iram,1
Belet-abu-uṣri,1
Barzia,1
Haldi-ereš,1
Buramma,1
Arbuna,1
Mudammiq-Adad,1
Haba,1
Dabibi,1
Kuzub-Issar,1
Barhu,1
Ubru-apli,1
Irbayu,1
Dunnate,1
Dibirati,1
Adad-bessunu,1
Abdu,1
Tamarana,1
Ṣaidini,1
Zermahu,1
Qarramu,1
Šadahinini,1
Illil-iddina,1
Adad-iqiša,1
Nudimmud-bani,1
Dayyan-Adad,1
salītu,1
qurruhu,1
yanūqu,1
Bakka,1
mašʾu,1
Zarhi-il,1
Gaya,1
Nabu-karṣi-ubaš,1
Yataʾ,1
Luppu,1
Bel-taklak,1
Šakiru,1
Ṣela,1
Kalhayu,1
Apiani,1
Barbiru,1
Kišessim,1
Sukur,1
Mannu-lušezib,1
Ina-Esaggil-gapšat,1
Nanaya-šarrat,1
Nur-ili,1
Ammaya,1
Hudada,1
marû,1
Kapar-Kansi-Issar,1
Padi-Bel,1
Ha-bassi,1
Edayu,1
Šeʾi-Issar,1
iškūru,1
zurzu,1
tubāqu,1
hāliptu,1
Bel-labur,1
raqqûtu,1
sāhiru,1
armu,1
Kurbailayu,1
mesukku,1
egru,1
Ubru-Nanaya,1
tarlugallu,1
ṣūdu,1
umšarhu,1
sinnutu,1
ṣuṣūnu,1
Sategille,1
Daduru,1
Šadina,1
kiššanu,1
kabiluku,1
Baʾal-mani,1
Bene,1
Ubadi,1
Bariki,1
Labanu,1
Baruhu-il,1
Enlil-šumu-imbi,1
KUL-hazate,1
šutû,1
Biduʾa,1
Il-hari,1
Nergal-nadin-ahi,1
Marduk-bani-ahhe,1
Paraʾu,1
Bel-šarrani,1
Nabu-gabbu-ileʾʾi,1
Bani-Nabu,1
Hasutu,1
Seʾ-lanṭuru,1
Zaganu,1
Zammamutu,1
Apliku,1
Upaqa-ana-Aššur,1
Mari-liʾti,1
Šamaku,1
Kudu,1
Sambi,1
Lillu,1
Hamatayu,1
awīltu,1
Yabibe,1
Mullissu-iddina,1
ša-urāni,1
Bite,1
Hurea,1
gazzu,1
matnu,1
Bazazanu,1
abul-tabīra,1
Nabu-kumuʾa,1
Nabu-išdiya-kaʾʾin,1
Arbailaya,1
qatinnūtu,1
šāhu,1
ganūnu,1
qarrātu,1
ša-rēšūti,1
Qibit-Aššur,1
Kassupu,1
Kapar-Qurdi-Aššur,1
Harbat-niari,1
Kapar-Šumma-ilaʾi,1
Ṣuṣanu,1
Bit-Ṣuṣani,1
Kadišhu,1
Alu-ša-raṭatišu,1
Hazanu,1
Dame,1
Alu-ša-habišu,1
Til-kunaši,1
Šibara,1
Dayan-Šamaš,1
Lahzi-il,1
Ammanayu,1
Aradu,1
Adad-mušammer,1
Nabu-lada,1
Bab-burti,1
Bit-ili,1
Palil-naṣir,1
Bit-Adad,1
Dayan-Inurta,1
Urakka,1
Suena,1
Kapar-Ṣilli-Bel,1
kubur-ahi,1
Aššur-etel-ilani-mukin-apli,1
ruʾāmu,1
tākilu,1
Raʾimtu,1
enēnu,1
ša-endīšu,1
ērib-bīt-ili,1
Nergal-šumu-iddina,1
Mannu-deʾiq,1
Nabu-maqtu-šatbi,1
dandannu,1
pādû,1
kamû,1
simmu,1
lazzu,1
Inurta-mutaqqin,1
Arzabutu,1
mummu,1
ešriātu,1
Daninu,1
Naʾdi,1
Šabarme,1
Nur-Issar,1
Amurru-naṣaba,1
Bakiša,1
Yau-idri,1
Mullissu-duri,1
Bazitu,1
Rahimi-Adda,1
Seʾ-suri,1
Ilu-eppaš,1
Banna,1
Sukkitu,1
Ṣuṣu,1
Hanzaba,1
Asa,1
Matiʾi,1
Ammi-rapiʾ,1
In-ili,1
Šamgayanu,1
Pišatti,1
Hiṭubarra,1
Banitu-ayali,1
Damqaya,1
Raʾimti,1
Adda-̣ṭalli,1
Šulmu-birati,1
Andita,1
Kapar-Nabu-naṣir,1
Šarri,1
Adda-ana,1
Nazibiri,1
Yarhi,1
Zabarra,1
Kašiyeri,1
Sambuk,1
Alu-ša-kubšatešu,1
Al-susani,1
Darraska,1
Bit-Urbiru,1
Asayati,1
Belet-naʾdat,1
Milyaba,1
Bab-Hamri,1
Al-Qabasi,1
Gura,1
Kummayu,1
Zaban-iddina,1
Ili-atkal,1
Kapar-Remutti,1
Bassuna,1
Kapar-Nuni,1
Anduli,1
Asihu,1
Hiri-ahhe,1
Astananu,1
Mannu-ki-Adda,1
Natini,1
Kašpu,1
Yadaʾi,1
Barzaništa,1
Til-zani,1
Manni,1
Absiyayu,1
Atunayu,1
Ispallure,1
Issar-namari,1
Qumanayu,1
Kapar-Ilu-ṣale,1
Hadia,1
Aya-ṭaba,1
Hanṣi,1
Kettira,1
Adad-eriba,1
Ardizi,1
Il-hinni,1
Til-halulina,1
Remanni-Marduk,1
Ilu-libši,1
Abi-salamu,1
Hašdanu,1
Al-siraše,1
Bit-Adad-ereš,1
Kapar-Nabu,1
Mušallim-ilu,1
Kapar-Mannu-lu-ahuʾa,1
Abi-Aya,1
Ilu-zunu,1
Al-raʾani,1
Šamaš-qana,1
Irinnih,1
Adad-milki-ereš,1
Dur-Nanaya,1
Al-Bel-iqbi,1
Itti-Adad-ahhutu,1
Ṣalmuti,1
Bazre,1
Zukaya,1
Labudu,1
Kapar-Šumma-šarru,1
Ṭuyaʾti,1
Urdanu,1
Pisandi,1
Madbarayu,1
Tuṣaṣu,1
Igilu,1
Barihtu,1
Samharayu,1
Pasti,1
Diati,1
Til-harrapina,1
Kar-Issar,1
Šarru-iddina,1
Diqukina,1
Ṣibit-ali,1
Attar-hutni,1
Aba,1
Urdu-Belet,1
Samsi-nuri,1
Pilaqqu,1
Abida,1
Yatma,1
Qurdi-Issaran,1
Danduru,1
Asalluhi-abu-uṣur,1
Al-tukla-niše,1
sēpû,1
ṣāhitu,1
Kubabu-ubri,1
Rehtu-ana-Marduk,1
Dagan-abi,1
Gir-Baʾal,1
Angulu,1
Šibše,1
Irbi-Haldi,1
Arhe,1
Abatte,1
Tina,1
Qatar-il,1
Harihumba,1
Baduʾa,1
Dur-Šamaš,1
Hanigalbat,1
galultu,1
Mar-yababa,1
berqu,1
Belet-ekalli,1
lubāru,1
kiškattû,1
mušarkisūtu,1
ša-zizibēšu,1
kāpir-diqāri,1
atkuppu,1
mār-amat-ēkalli,1
ša-billīšu,1
ša-halluptīšunu,1
ša-gabêšu,1
Hamudaya,1
Sirganaya,1
Yalunaya,1
Harṭunaya,1
Azallaya,1
Qatnaya,1
Namraṣit,1
šanānu,1
rēmēnû,1
mutnennû,1
Elumu,1
šurqu,1
ikkibu,1
nulliātu,1
palāsu,1
katmu,1
eššūtu,1
etellu,1
hadîš,1
edēšu,1
narāmtu,1
abātu,1
munawwiru,1
uklu,1
ekēlu,1
ittu,1
arhussu,1
sakāpu,1
Egašankalamma,1
elēṣu,1
kurunnu,1
ṣummuru,1
bursaggû,1
Girra,1
Sebettu,1
Mušallim-Inurta,1
Bit-̄šašširi,1
Sa-abu,1
Ahi-Nanaya,1
Adad-bani,1
Izaldi,1
Matiʾ-Adda,1
Simsimanu,1
Dannu-karṣi,1
Qarnaya,1
Ubru,1
Palil-epuš,1
Nania,1
Takkulu,1
Eriba-Issaran,1
Edu-uṣur,1
Urruda,1
Hesayu,1
Tunia,1
Ahu-riba,1
Adad-iddina,1
Samsaya,1
Pilaqqa,1
Šamaš-bani,1
Babaya,1
Inurta-leʾi,1
Issar-gimilli,1
Aia-halu,1
nēmettu,1
rubûtu,1
nidûtu,1
lēʾû,1
Ninmenanna,1
Maganuba,1
dimtu,1
qerbetu,1
tawwertu,1
malku,1
ayyumma,1
palkû,1
liwītu,1
būlu,1
riggatu,1
kanku,1
mušarrihu,1
elēlu,1
Riṣiṣu,1
šuklulu,1
âru,1
šupêltu,1
sikiltu,1
zīmu,1
ruššû,1
elṣu,1
yâti,1
birimtu,1
pāṭu,1
urruhiš,1
hašāhu,1
dayyānūtu,1
mithāriš,1
kirbānu,1
Šumma-Aššur,1
Nergal-iddina,1
Iddin-Aššur,1
Zaba-ahu-iddina,1
Zarpanitu,1
Esaggil,1
karû,1
zaqtu,1
neqelpû,1
Šaraššu,1
Šep-Šamaš,1
muqqelpītu,1
Dunabu-Enlil,1
Tanat,1
Saʾrarina,1
Zaqqu,1
Dunnu-equ,1
UDU.SI.LUH,1
kuruppu,1
maṣhatu,1
anzû,1
ṣurāru,1
utru,1
Kapar-Qana-il,1
Kapar-Yaqiri,1
Isitati,1
Kapar-Saʾili,1
Ṣilganga,1
mumtalku,1
mušaklilu,1
parṣu,1
šuluhhu,1
lamassu,1
lā-epištu,1
ešītu,1
sahmaštu,1
inūšu,1
apsû,1
šamāhu,1
šāpiku,1
Igigi,1
Anunnaki,1
pātiqu,1
erme-Ani,1
kullatu,1
dadmū,1
burūmû,1
mušīmu,1
igigallūtu,1
šutlumu,1
šūluku,1
nagbu,1
gabadibbu,1
zaqāru,1
huršāniš,1
pattu,1
ša-tēlilti,1
nibītu,1
inbu,1
kilīliš,1
Taʾallu,1
Yaluzu,1
Nabu-leʾani,1
Balṭaku-ammar,1
Nabu-šulmu-amur,1
Nabu-kašir,1
Nabu-kenu-uṣur,1
Kin-zeru,1
Hanabaʾ,1
Pirahu,1
Lidbubu-lipušu,1
Nabu-šabši,1
Haruranu,1
Napusi,1
Uqayaqi,1
tīru,1
nannābu,1
Inurta-naʾdi,1
Nergal-šumu-lešir,1
Aššur-duri,1
Mutaqqin-ahhe,1
Aššur-dur-paniya,1
Bab-Aššur,1
bāb-Šamaš,1
bāb-Diglat,1
siptu,1
kukku,1
baltu,1
ašāgu,1
pappāsu,1
šālipu,1
salqu,1
burzibandû,1
Bit-Labria,1
Buqu,1
Bit-Tapputi,1
Lugunu,1
šūšu,1
Šazanuri,1
Kagapnišu,1
Hambatia,1
Ea-šarru,1
hayyāltu,1
Adda-naṣaba,1
Gabri,1
buqurrû,1
muškēnu,1
Belet-Ninua,1
erṣetu,1
temēru,1
bīt-asakki,1
qarrādu,1
šibṭu,1
perʾu,1
ṣubātu,1
zīzu,1
mār-šāqê,1
Ahhe-damqu,1
Issi-Urkittu-libbi,1
Kapar-šukkalli,1
Adumu,1
Baʾal-haluṣu,1
Sin-šarru-iškun,1
niṭlu,1
Harṣu,1
Inurta-eriba,1
Kapar-Mallaṣi,1
Nabu-nashir,1
šērtu,1
azugallatu,1
dappinu,1
Turrukšu-iṣah,1
ālik-pāni,1
Lipit-Issar,1
Aššur-balliṭ,1
Parnua,1
Mullissu-šazizinni,1
Kar-kaldayu,1
Aššur-maqtu-šatbi,1
Bit-Ibla,1
Nabu-salim,1
Abassa-naʾʾid,1
Suranu,1
Yali,1
inūma,1
šigūšu,1
nigûtu,1
šēhtu,1
šēru,1
gurnu,1
āmeru,1
allu,1
Kabar-Dadi,1
Nasra,1
Miniwi,1
Bir-Yatate,1
Našuh-suri,1
Nušku-ayali,1
Šer-barakka,1
Anu-nuri,1
Mugara,1
Seʾ-ita,1
Il-qatar,1
Alli,1
Inurta-šumu-iddina,1
Dadi-qatar,1
Bel-Harran-ili,1
Urasu,1
Seʾ-lawani,1
Bi-qatar,1
Salamu-annu,1
Bi-Nanaya,1
Halzaya,1
mahhūtu,1
ēlû,1
qīru,1
kisibirrītu,1
Gabsi,1
La-ahṭi-ana-ibri,1
Bur-Zinani,1
Tukulti-Aššur,1
Sin-šallim,1
Dayan-Marduk,1
Babu-ahu-iddina,1
Illaya,1
Puṭu-šisi,1
Halabese,1
Dadu,1
Remanni-Illil,1
Eribua,1
Ahu-ṭabu,1
Ila-eriba,1
Aṣal-Iau,1
Zanbayu,1
Aya-ahi,1
Inurta-sukki,1
Šep-Inurta-aṣbat,1
Nabu-bani-šarri,1
Iqbi-ilani,1
Nabu-eribanni,1
Seʾ-habi,1
Arnubu,1
Silimu,1
Bel-uṣalli,1
Ayakki-ibni,1
Burtayu,1
Abi-Huru,1
Aya-šarru-ibni,1
Šarru-nadin-ahhe,1
Adi-mati-Nabu,1
ša-erêšu,1
Abdaya,1
Al-hapi-mepi,1
harimtūtu,1
Uta-Huru,1
Hasa,1
Mitunu,1
Habara,1
Gabšuete,1
Mullissu-metu-balliṭ,1
Ilaʾi-Adad,1
Il-ili,1
Auianu,1
Qurqusia,1
Bariku,1
Tamurṭiše,1
Haqu-neši,1
Ši-eše,1
Šamaš-šallim-ahhe,1
Šumma-tazib,1
Dan-Adad,1
Ilumma-lidgul,1
Issar-šarru-ibni,1
Quli,1
Gula-šumu-ibni,1
Mušallim-Marduk,1
qatānu,1
Su-Baʾal,1
Qurdi-Dadi,1
Mušallim-Adad,1
Seʾ-uri,1
Našuh-qati-ṣabat,1
Zubi-ṣidqi,1
Sara-il,1
Mudadi,1
Hatinu,1
Kubabu-eriba,1
Qidri,1
Apladad-naʾdi,1
Ṣanṣuru,1
Šumma-ilaʾi,1
Bel-ilani-mannu,1
Ṭab-šar-Arbail,1
Mukin-Aššur,1
Minu-ahṭi-ana-ili,1
Našuh-ayali,1
entu,1
Hatpi-Munu,1
Šulmu-Aya,1
Adad-nadin-ahi,1
Adad-šimanni,1
Hubabayu,1
Quya,1
Nabu-deni-amur,1
Ahi-larim,1
Nabu-kudurri-uṣur,1
Kurbailaya,1
Bel-lihkim,1
Abu-ina-ekalli-lilbur,1
Dur-ahhešu,1
Ṭuri-baltu,1
Yatanu,1
Aššur-abu-uṣur,1
šalāšiu,1
Sun-Issar,1
Bani-ahuʾa,1
Taballua,1
Takilat-Arbail,1
Šulmu-Issar,1
Remut-Bel,1
Saklu,1
Hazianu,1
Nabu-dan,1
Ugine,1
Aya-kettu-iqbi,1
Sin-šumu-ibni,1
Muškenu-la-ahi,1
Tuqun-Issar,1
Urriha,1
Ah-abi,1
Ubru-Madanu,1
Ramman-ramu,1
Belet-isseʾa,1
Aššur-eṭiranni,1
Amat-Kurra,1
Qat-Aššur-aṣbat,1
Susu,1
harbūtu,1
Nergal-duri,1
Arbail-šarrat,1
Imanni-il,1
Issar-mašlalati,1
Hehe,1
Kurʾe-Inurta,1
Gugu,1
Kannuʾ,1
Apladad-kabti-ahhe,1
Apladad-idri,1
Uaru,1
Urkime,1
Nabu-šarru-ahhešu,1
Belu-ukin,1
Pan-Nabu-ṭemi,1
Nabu-tapputi-alik,1
Pašanu,1
Quni-Huru,1
Adad-šumu-iddina,1
Šer-lutbe,1
Inurta-zeru-uṣur,1
ša-epinni,1
Šumma-Iau,1
Nabu-šadduni,1
Il-amar,1
Šarru-ilaʾi,1
Disi,1
Duʾa,1
Nabu-šarru-ukin,1
Nabu-uballissu,1
Yaʾudu,1
Aduni-ihʾa,1
Gir-Ṣapunu,1
Abi-umme,1
Issar-tazi,1
Bir-Šamaš,1
Ahubu,1
Šašma,1
Šamaš-zeru-uṣur,1
Aššur-reʾušunu,1
Naṣibinaya,1
Bel-Harran-abu-uṣur,1
Ilu-remanni,1
ša-pīlūšu,1
Inurta-eṭiranni,1
Pipia,1
Bar-napi,1
Aštamašti,1
Atamar-Issar,1
lāsimu,1
Bel-šumu-ereš,1
Parutani,1
Issar-paya,1
Aššur-kenu-balliṭ,1
Abi-yasubu,1
Samunu-yatuni,1
Ša-la-Belet-mannu,1
kurgarrû,1
Šulmu-ereš,1
Il-Qisu,1
Malgadi,1
Paruṭu,1
Dunuzu,1
Inurta-iddina,1
Adad-reṣuwa,1
Kanunu,1
Naʾid-Marduk,1
Agru,1
Alu-ṣarrapi,1
Qibit-Issar,1
La-teggi-Nanaya,1
Šania,1
Issar-mukinnia,1
Nergal-šumu-uṣur,1
Bel-qissi,1
Šamšanni-ilu,1
Ahu-ereš,1
Bel-Harran-duri,1
Issar-naṣir-duri,1
Adad-rapa,1
Kamabanu,1
Tablaya,1
Gir-Ha,1
Habanu,1
Aba-il,1
Ṣil-Sin,1
Sukkaia,1
Marduk-leʾi,1
Bililutu,1
Nabu-dur-qalli,1
Barhaza,1
Abi-lihiya,1
Nabu-damqi-ilani,1
Mananu,1
Hannusi,1
Adda-natan,1
Namari-Dadi,1
Suqayu,1
Mukin-zeri,1
Ham-lešir,1
Diquqinaya,1
Budanuše,1
Bel-likṣur,1
ṣāripu,1
Nabu-ayali,1
Azi,1
Mullissu-ummi,1
Abdi-Seʾ,1
Nabu-takilka-šatbi,1
La-tubašanni,1
Saʾumu,1
Zababa-ereš,1
Adad-mušeṣi,1
Mardukati,1
Aššur-natkil,1
andunānu,1
Aššur-deʾiq,1
La-tubašanni-Adad,1
Turṣi-Issar,1
Aššur-ahhešu-ereš,1
Busuku,1
Isinnayu,1
Kiribtu-Aššur,1
Halleṣu,1
Mudammiq-Aššur,1
Aššur-bel-ilani,1
Musukayu,1
Urdu-Inurta,1
Seʾ-naqami,1
Kilaku,1
Seʾ-iate,1
Sadaya,1
Tagali,1
Nabutu,1
Se-ili,1
Bel-aplu-iddina,1
Mannu-ki-ahi,1
Issar-šimanni,1
Naʾnu,1
Nabu-dur-enši,1
Tillayu,1
Adad-ṭaba,1
Mar-lihia,1
Ribaya,1
Aya-ammu,1
Tuimmu,1
Erihi,1
Haṣaya,1
Alu-ašlaki,1
Mullissu-haṣinat,1
Sa-hpi-mau,1
muraqqiu,1
Bel-šumu-iddina,1
Ubru-Mullissi,1
Puṭu-Paiti,1
Aya-ahhe,1
Ṣalimtu,1
Tarhu-nazi,1
Nabu-nakil,1
Šamaš-nadin-ahi,1
Abi-dala,1
Marti,1
qamû,1
Puhi,1
Buru-abu-uṣur,1
Adad-naṣir,1
Šamaš-šarrani,1
Pamu,1
Ilu-kettu-iram,1
Il-abu-riba,1
Hariruri,1
Sinqi,1
Buadi-Iau,1
Urdu-Allaya,1
Eriba-ilu,1
Nabu-ramat,1
Urkittu-tašmanni,1
Inurta-taklak,1
Dur-Sin-ahhe-eriba,1
Useaʾ,1
Baʾassi,1
Kurra-dimri,1
Attar-qamu,1
Šamaš-kenu-uṣur,1
Adda-babaʾu,1
Ṭusi,1
Yazini,1
Labigaya,1
Husurayu,1
Adda-rapa,1
Unzarhu-Aššur,1
Bir-Attar,1
Sunaya,1
Hana-Huru,1
Hala-šuri,1
Ašuisi,1
Nergal-remanni,1
Hal-Suhu,1
Apli,1
Huṣurayu,1
Bel-natan,1
Hazugu,1
Šammu-uballiṭ,1
Nušku-balaṭu-uṣur,1
Marduk-šarru-ibni,1
Halaiddi,1
Aqdaš-il,1
Adunu-dala,1
Nabu-šaliṭ,1
Il-manani,1
Ša-ili-tazzaz,1
Ilu-šezib,1
Harruṣu,1
Manzarne,1
Diquqina,1
Qili,1
Uqur-Adad,1
Mahite,1
Mera,1
Zabayu,1
Belayu,1
Taklak-ana-ili,1
Taklak-ana-Aššur,1
Rammanu,1
Bel-gimillu-tere,1
mušākil-alpi,1
Sagiru,1
Balṭi-Aia,1
Nergal-uballissu,1
Nergal-upniʾa,1
Paddanu,1
Bel-šezibanni,1
Kisiri,1
Issar-alik-pani,1
Bani-Anu,1
Bel-kibsi-ilaʾi,1
Adad-šumu-iškun,1
Duri-Issar,1
Šullumu,1
Urzunapi,1
Ahi-limmi,1
šīqu,1
Abi-iti,1
Gala-Gusu,1
Hallaba,1
Kapar-Nur-beti,1
Seʾ-haza,1
Hara-Dadi,1
Pirsu,1
Ilti-bassi,1
Adda-yababa,1
Sin-aplu-uṣur,1
Napi,1
Aggaru,1
Marduk-bani-ahhi,1
Igi,1
Nabisikki,1
Susanaya,1
Nabu-ussetiq,1
Sammu-rama,1
Gambulayu,1
Kabia,1
Yakiru,1
Aššur-ahhe,1
Ša-Birtaya,1
halīdu,1
Asalluhi-remanni,1
Hidatanu,1
Urdu-apli,1
Silim-Dadi,1
Ahu-ittabši,1
Kapar-Maṣi-ilu,1
Remut-Adad,1
Sallimaya,1
Erudi,1
Alu-ikkarati,1
Abi-ilaʾi,1
Saggil-šarru-uṣur,1
Nabu-šumu-ibni,1
Nabu-kenu-ubbib,1
Silim-Inurta,1
Adda-pada,1
Ratulu,1
Bita,1
Yaqira,1
Zer-šangussu,1
Laqisu,1
Ulka,1
Sinainni,1
Liphur-ilu,1
Haldi-ṭaya,1
Kurʾe-nadin-ahi,1
Handa-pi,1
Hunzudi,1
Qutnu,1
Zana,1
Naʾid-Aššur,1
Qurdi-Issar-lamur,1
Baššaša,1
Il-gabbe,1
Bagagi,1
Lu-ki-Mama,1
Ilu-balassu-iqbi,1
Ṣil-Adad,1
Aššur-ahhe-uṣur,1
Libbalayu,1
Šelubu,1
Nikkal-šumu-iddina,1
Kapar-Nabu-šezib,1
Kapar-Tabalayu,1
Kapar-Lu-ahhe,1
Kapar-Dakana,1
Kapar-Zaruti,1
Hazahi,1
Amru-Issar,1
Babilaya,1
Edasu,1
sahliu,1
zarû,1
Aššur-šumu-ibni,1
Belu-naṣir,1
Haṭṭušu-aldi,1
Aia-šarru-ibni,1
Gimillu,1
Bel-samaʾ,1
Taquni,1
Bessi-naʾdat,1
gērû,1
Šar-ilani,1
La-qebu,1
Kandalanu,1
Dur-Illil,1
Suʾa,1
Mukaʾʾin-šarrute-ilu,1
Milqi,1
Šuraya,1
Arakai,1
In-mati,1
Hidiniba,1
Nabu-ahu-eriba,1
Ahi-qumu,1
Adunu,1
Halpaya,1
Argunu,1
Ṭabete,1
Kapar-Birtayu,1
Aššur-taqqinanni,1
kuluʾu,1
Šamaš-kenu-balliṭ,1
Teše-ereš,1
Quri,1
Kunasi,1
Birtayu,1
Bel-iqišanni,1
Aššur-mutaqqin,1
Samati,1
Kettu-uṣur,1
Salamu-imme,1
Ešerayu,1
Samiku,1
Nergal-leʾi,1
Šumu-lešir,1
Ullu,1
Ribati-ili,1
Paripaza,1
Se-gabbari,1
Haza-il,1
Aššur-zeru-iddina,1
Ludune,1
Bel-zeru-iqiša,1
Sin-natannu,1
Bazi,1
Adda-iaba,1
Burunatu,1
Uštalahi,1
Aʾilanu,1
Kusini,1
Sahra,1
Hursisu,1
Takaʾin,1
Inba,1
Imannu,1
Ahi-idri,1
Il-dusu,1
Unzarhu-Issar,1
Ṭab-alu,1
Kuṣura,1
Azzanayu,1
Puhrat-Issar,1
Adad-šarru-uṣur,1
Saniti,1
Ibtaš-lešir,1
Eridayu,1
Edu-lešir,1
Ṣiri,1
ša-muhhi-qanāti,1
Issar-dur-qalli,1
ša-kubšīšu,1
Urkittu-leʾat,1
Urkittu-rišat,1
Mannu-ki-ummi,1
Hatezaya,1
Murabbataš,1
Pahi,1
Šarru-duri,1
Dunnu,1
Nergal-šezibanni,1
Ša-qala-tuaršu,1
Duri,1
Adda-ladin,1
Iglanu,1
Sin-kuṣuranni,1
Mar-šarri-bel-ahhe,1
Tartiba,1
Zibbu,1
Qannasusi,1
Ammi-yababa,1
Laia,1
Ṣan-Ṣaruru,1
Ehe,1
ša-pān-bīt-ili,1
Marduk-šallim-ahhe,1
Ea-šarru-ibni,1
Issar-ereš,1
Šeʾu,1
Inurta-isseʾa,1
Bel-qatua,1
Buru-naṣaba,1
Lubbur-pi,1
Šer-idri,1
Adda-kabar,1
Adda-yaba,1
Azarru,1
Mati-ken,1
Seʾimme,1
Kubabu-lunu,1
Ša-Issar-šunu,1
Paluʾa,1
Nešu,1
Šamaš-aplu-iddina,1
Aissi,1
Urdu-Dagan,1
Ṣuṣi,1
Apaya,1
Seʾ-amuti,1
Nergal-naʾdi,1
Šibani,1
Aššur-šar-ahhe,1
Balaṭu-iqbi,1
Pan-Marduk,1
Ikkaru,1
Šagim,1
Marduk-ter,1
Enati,1
Teri,1
Šamaš-kenu-dugul,1
Aššur-iddina,1
Habbur-Issar,1
Kapar-Azhula,1
Mardanu,1
Kulaya,1
Inurta-aplu-iddina,1
Kanunaya,1
Yadida,1
Nergal-šarru-ahhešu,1
Aššur-ibni-ahhe,1
Milki-immi,1
Sisi,1
Ilu-ahu-uṣur,1
Handa-riṣi,1
Baʾalti-idri,1
Marduk-šallimšunu,1
Ṭab-Seʾ,1
Kinaya,1
Bel-remanni,1
Gula-eṭir,1
Sin-taklak,1
Enku,1
Argasu,1
Irissi-ilani,1
Šar-Aššur,1
Remuʾa,1
muribbānu,1
Našuh-aplu-ušur,1
Dala-il,1
hāmū,1
Inurta-nadin-ahi,1
Kidmuri,1
Alu-masenni,1
Ṣidqi,1
Nuhbaya,1
Ramman-idri,1
Barbarra,1
Urza,1
Sa-eṭir,1
Qullulu,1
Šišilaya,1
Haldi-duri,1
Ammi-suri,1
Šišil,1
Abdi-Sikuni,1
Udia,1
Sabuʾ,1
Idrunu,1
Hanunu-il,1
Qanse,1
Nikua,1
Adad-riba-ahhe,1
Abdi-Ramman,1
Hana-kiṣir,1
Ahutu-hidi,1
Bit-abi-ilaya,1
Bit-abi-ilaʾi,1
Gir-Aya,1
Tarhun-akil,1
qumbutu,1
Zabdi-il,1
Sin-ahu-uṣur,1
Ṭiri,1
Kapar-segalli,1
Ahi-qamu,1
hušāru,1
Banitu-ereš,1
Issaran-mesi,1
Šeššayu,1
Suni,1
Hati-il,1
Happati,1
Ammi-ramu,1
Asalluhi-ahhe-iddina,1
Ipqu,1
Pilaqqanu,1
Nagahanu,1
Nabu-turṣanni,1
Isi,1
Dayanu-idri,1
Rama,1
Buʾšaya,1
Pudi,1
Qutari,1
aškāpu,1
Tilʾe,1
Baniti,1
Abnanu,1
Apladad-ilaʾi,1
nāqidu,1
Ṭab-ṣil-Adad,1
Alu-nappahi,1
gullubu,1
Paršara,1
Ahi-ṭuri,1
Šar-ili,1
Atamar-Aššur,1
ṣamādu,1
Zakrutu,1
dalhu,1
Hunanu,1
ṣāltu,1
rakkubu,1
akāšu,1
Abi-Seʾ,1
zukkû,1
Dadunu,1
narūqu,1
tappû,1
Eni-il,1
Bel-uduʾa,1
Nugul,1
Ezi,1
Zala,1
Bit-Kapsiaya,1
Nalhiti,1
ištānu,1
amurru,1
Parnaka,1
Bel-qatika-ṣabat,1
kupru,1
qarhu,1
šahāhu,1
Pigat,1
Ṣabatti,1
zilītu,1
Niqi-Tubliš,1
šullumu,1
eperu,1
sakāku,1
Rahba,1
Guzummanu,1
kuttumu,1
sugullu,1
Zaddi,1
Aya-hari,1
Rapa-il,1
Bit-Kapsi,1
Piusi,1
āṣītu,1
Aradataya,1
duhnu,1
Aparu,1
Raši-Marduk,1
Yannuqu,1
Bit-Yakin,1
dalbānu,1
qurruru,1
Natan,1
Mannu-iri,1
šatammūtu,1
Parsumaš,1
Yatiʾ,1
Malahu,1
purīdu,1
Bit-Šilanu,1
qurpissu,1
ulmu,1
apu,1
padānu,1
parāzu,1
Seʾ-rame,1
Bit-Zabidaya,1
šalāhu,1
Qabaya,1
Diglat,1
Zer-Babili,1
lussumu,1
Bel-eriba,1
Adda-ramu,1
Al-šukkalli,1
Damunaya,1
rapāšu,1
Ennet-Aššur,1
Ugar-Nabu,1
Kissikaya,1
dāt,1
Rišteana,1
ša-bēt-qiqî,1
Purattu,1
Paukku,1
Karkarhundir,1
Nabu-reʾuʾa,1
Ellipaya,1
šâšunu,1
Guzanaya,1
Qirbit,1
Til-Aššuri,1
Izuzu,1
Bienši,1
Urumeqa,1
Hidalu,1
haṭāṭu,1
šapliš,1
harbubu,1
Kimar,1
parāʾu,1
daʾāqu,1
Zabgagaya,1
Satarnu,1
Abdudu,1
abiktu,1
šaršaruttu,1
puhtu,1
Nibe,1
Nashir-Bel,1
Mandiraya,1
Balaṭi,1
ikkānû,1
pēgu,1
Yadburu,1
Ubaru,1
Nabu-bani,1
Palihka-libluṭ,1
Zazaya,1
Amat-Bel-uṣur,1
Naʾid-Ešeriga,1
Anu-ereš,1
Paltaṣi,1
Aqaba,1
La-baši,1
Zaqiru,1
Darataya,1
Eriba,1
Sin-duru-uṣur,1
lummudu,1
Parsuaya,1
Bit-kari,1
Adinni,1
Qudanati,1
Duʾani-Issar,1
ahamma,1
mammēnu,1
kakkūsu,1
kiplu,1
Humhum,1
šērubu,1
ithuru,1
dišānu,1
Dur-Anuniti,1
Kutayu,1
Seʾ-salamu,1
tību,1
takṣâtu,1
yānumeš,1
Sipparaya,1
galātu,1
Guhuru,1
Hamban,1
šīṭu,1
Tizu,1
Kiguhtu,1
Kizahasi,1
uššuru,1
kadammu,1
šahû,1
himtu,1
hisītu,1
Argada,1
dannunu,1
Barik-il,1
Umadi,1
Nabu-epuš,1
Madayu,1
espu,1
Hadalpa,1
Uppite,1
kabātu,1
Marpadaya,1
Marpada,1
hammû,1
bussuru,1
bussurtu,1
sanû,1
urāsūtu,1
Šamaš-ruqaya,1
ammîša,1
Abdudaya,1
Aššur-ṣabtanni,1
Uriakkaya,1
Erra-dala,1
Bel-uṣur,1
Ahu-bani,1
ayāka,1
Hiuru,1
Uṣur-Adad,1
Raʾiwanu,1
Nagiataya,1
Rubuʾu,1
Litaʾu,1
Apalla,1
Rahihu,1
Nunak,1
napṭu,1
šurdu,1
šunagu,1
Yazapu,1
kadāru,1
Ina-qibi-Bel-abluṭ,1
Nabu-hamatua,1
Ubulu,1
Nabu-šarru-ibni,1
Makkame,1
Teši-eṭir,1
Bit-Zualza,1
Kurʾe-uballiṭ,1
Ṣala-il,1
Anat,1
Tuʾmanaya,1
Hatalla,1
naprušu,1
tahta,1
Gadya,1
Šulmu-bel-ašme,1
Harriru,1
raṭbu,1
raʾbu,1
purīṭu,1
Lu-ahuʾa,1
Bit-Haʾiraya,1
Bit-Sin-ibni,1
habāšu,1
mūdânūtu,1
niggallu,1
kurkuzannu,1
Hiritu,1
muppišu,1
kasāru,1
Aya-barakka,1
silītu,1
nahātu,1
puāšu,1
ṣadīdu,1
Hupapani,1
qištu,1
Aššur-bel-šarrani,1
Šamaš-reʾuwa,1
erbettu,1
esēru,1
HAR,1
zinnu,1
Amakani,1
Irtiašaya,1
palāšu,1
Arzuhinaya,1
Ilussa,1
Muhhi-ili-šapkaku,1
daššu,1
mahhuru,1
purdû,1
kīpu,1
bulû,1
paṣāṣu,1
Taškati,1
samāhu,1
šiptu,1
sarruru,1
gaṣṣānu,1
hadûtu,1
bunbullu,1
uṣultu,1
qinnatu,1
qarādu,1
Šamaš-emuranni,1
kâšunu,1
Halbišu,1
Bar-uri,1
maqaltānu,1
Baʾal-rakkab,1
dannatānu,1
maṣātānu,1
ikīsu,1
lâdu,1
Marduk-išmanni,1
nakāpu,1
Balti-lešir,1
ekit,1
ula,1
Sumuti,1
tašlīšūtu,1
Puṭiširi,1
Awyanu,1
Haya,1
rāmu,1
rūbu,1
ṣumāmītu,1
laplaptu,1
nādu,1
dummuqu,1
takrimāti,1
Nabu-zeru-uṣur,1
gulgullu,1
irṭu,1
Rahiṣ-Dadi,1
Waksatar,1
Paramu,1
Kudana,1
Nabu-mušezib,1
pazû,1
Umite,1
Napisaya,1
Amra,1
Ammi-ladin,1
pehû,1
Marduka,1
halālu,1
Humbappi,1
Šumma-šarru,1
Bir-il,1
Samsi-natan,1
ṣalittu,1
sehpu,1
dalāpu,1
rihṣu,1
šamhaṣu,1
paršumu,1
qadītu,1
Rukibtu,1
murṣu,1
ṣarāpu,1
mithāru,1
Si-abu,1
sarāhu,1
šupuhru,1
ṣad,1
pathu,1
Bit-Unqiaya,1
Aššur-šarru-iddina,1
Adapa,1
mašlu,1
Tarninu,1
Atamar-Marduk,1
šakrānû,1
šakāru,1
Mannaipite,1
Rama-il,1
Addiqritušu,1
Yairu,1
Ibašši-ilu,1
pahhizu,1
ṭabhu,1
Aramiš-šar-ilani,1
kidinnu,1
Kusitu,1
Saraya,1
Abni,1
enna,1
Amušu,1
Hamunayu,1
Libbali-šarrat,1
Aššur-etel-ilani-mukinni,1
kiššati,1
šaddattunu,1
pašāqu,1
habāru,1
šanûti-,1
laqānu,1
Babu-gamilat,1
gabû,1
nitiru,1
Asalluhi-ereš,1
Aššur-abu-iddina,1
Sudanina,1
Aššur-ušallim,1
Ahu-dur-enši,1
ša-lišāni,1
zamāru,1
Hambi,1
Zazaki,1
Zer-Issar,1
Nabu-bani-ahhe,1
takmīsu,1
ṣullulu,1
birtūtu,1
pušku,1
sissiktu,1
erkallu,1
dalīlu,1
magarru,1
Šar-warri,1
Luliʾaya,1
Šarru-iqbi,1
Arzi,1
Ariri,1
Atanha-ilu,1
Aššur-daʾʾin-aplu,1
latāku,1
murabbânūtu,1
ša-pān-bēt-qātī,1
Adunu-milkuti,1
Pan-Nabu-lamur,1
ša-pān-manê,1
Madanu,1
Bel-zeru-ibni,1
ṣulû,1
Seʾ-rapaʾ,1
Barhalzaya,1
Manziniri,1
Ṭudi,1
Ikkilu,1
Il-maʾadi,1
Mutakkil-Adad,1
Minda,1
Saggil-ramat,1
Abi-ili,1
Nergal-epuš,1
ṣummirātu,1
Iqbi-Aššur,1
šatbû,1
mītūtu,1
liqtu,1
ṣallumu,1
eqû,1
ša-danāni,1
šatīši,1
luppu,1
Ekallitu,1
qallīlu,1
Hamnanu,1
radādu,1
mušamhiṣu,1
Ahu-šamši,1
Ṣil-šarri,1
eṭēru,1
paṣādu,1
Šaridu,1
Nabu-ahhe-ereš,1
parakku,1
Aššur-nadin-šumi,1
Šukudu,1
qalālu,1
hamṭiš,1
Hanbi,1
nišhu,1
marhaṣu,1
kaṣāpu,1
